age,income,year
18,75.04315401735154,2006
24,70.47601964694451,2004
45,130.98217737746066,2003
43,154.68529299563002,2003
50,75.04315401735154,2005
54,127.11574381218446,2008
44,169.5285380366795,2009
30,111.7208493609888,2008
41,118.88435933988579,2006
52,128.68048822062414,2004
45,117.14681691480487,2007
34,81.28325328425272,2007
35,89.49247951800011,2005
39,134.70537511887878,2003
54,134.70537511887878,2009
51,90.48191335664015,2009
37,82.6796372966372,2003
50,212.84235231571145,2006
56,129.15669300470367,2007
37,98.59934386038917,2003
38,200.543262324662,2003
40,50.40666086126597,2005
75,85.38394037898266,2009
40,160.6424754082633,2007
38,94.07271474570051,2006
43,84.04595765399237,2006
34,65.1108537153447,2004
57,116.26532406250342,2008
18,70.47601964694451,2003
55,195.67630799045318,2004
51,101.4020523029919,2005
33,81.28325328425272,2008
34,111.7208493609888,2005
36,89.88004678111064,2006
56,87.98103278560542,2003
70,87.98103278560542,2006
25,103.90247060316008,2004
32,105.92781077506274,2006
27,66.2294082943902,2003
28,34.6074177301288,2004
27,109.83398564219921,2007
43,45.28216999402201,2004
50,73.77574327469462,2005
39,81.28325328425272,2004
52,154.68529299563002,2008
57,176.9896504898766,2007
25,66.2294082943902,2006
33,116.26532406250342,2006
57,200.543262324662,2005
71,101.82435207567953,2008
23,35.03342132149954,2003
30,114.47571329034717,2009
22,81.28325328425272,2004
59,200.543262324662,2006
28,148.4131591025766,2003
61,99.68946369848636,2004
34,111.7208493609888,2003
43,152.83880099118213,2005
54,117.14681691480487,2006
69,77.73760330397812,2005
41,87.98103278560542,2004
48,125.52549843383584,2003
49,123.33610396205889,2003
42,158.2946214277908,2009
37,200.543262324662,2003
55,99.68946369848636,2004
21,70.47601964694451,2008
58,94.07271474570051,2004
31,81.28325328425272,2006
25,81.28325328425272,2006
32,100.76427284210669,2006
40,94.07271474570051,2009
44,99.68946369848636,2003
23,81.28325328425272,2006
63,113.56708956975103,2003
44,87.98103278560542,2008
47,128.68048822062414,2005
61,106.72397762529879,2004
55,66.04469423180564,2009
24,51.521956314716036,2003
42,85.38394037898266,2007
25,76.89360251761123,2006
34,90.48191335664015,2004
53,68.0764282889521,2009
53,130.98217737746066,2009
70,127.90123297911782,2009
47,131.22459375509612,2004
46,99.68946369848636,2003
33,76.89360251761123,2003
34,107.90392386687648,2005
22,81.28325328425272,2006
74,99.68946369848636,2009
40,98.59934386038917,2003
45,200.543262324662,2006
43,156.50351088263324,2009
33,144.94436498051633,2005
62,118.88435933988579,2009
37,121.43031382262248,2008
54,111.7208493609888,2004
34,68.74808773376687,2005
50,114.47571329034717,2008
46,95.23071256698191,2006
41,87.98103278560542,2007
63,64.27439722063265,2003
38,128.68048822062414,2007
35,114.47571329034717,2006
29,112.64889634210017,2009
66,81.28325328425272,2008
37,75.89548482281027,2004
39,112.13692299221415,2006
42,85.38394037898266,2003
51,94.07271474570051,2007
55,114.47571329034717,2009
51,176.9896504898766,2006
49,101.82435207567953,2005
42,91.69922611170422,2006
43,86.69515482894022,2009
38,162.94646074466428,2006
59,139.21378813866397,2008
57,95.23071256698191,2009
25,66.9616443217359,2005
49,131.19432361168697,2004
41,90.48191335664015,2004
38,114.47571329034717,2009
61,79.12808449562974,2003
49,104.5917379249181,2007
52,132.48782112612304,2008
43,141.7751723331802,2007
60,123.08969984794346,2008
46,134.70537511887878,2005
21,55.76739050849227,2004
61,106.92181409121146,2009
32,118.88435933988579,2007
58,87.98103278560542,2004
35,88.92960663679132,2003
26,81.28325328425272,2004
32,94.07271474570051,2006
37,106.92181409121146,2003
22,59.097064081589075,2007
51,65.1108537153447,2005
44,120.58943653040211,2004
35,157.70052772573715,2005
60,129.4536445766255,2004
40,176.9896504898766,2007
35,59.097064081589075,2004
35,94.07271474570051,2007
47,134.70537511887878,2008
43,81.28325328425272,2003
33,81.28325328425272,2003
60,153.45751530896138,2003
38,136.87636763518367,2008
53,75.04315401735154,2005
55,130.2208323587774,2004
57,104.92150653366392,2003
64,49.55533812152264,2005
43,123.90856759795726,2007
35,123.08969984794346,2008
54,78.15516140793403,2008
45,73.77574327469462,2007
58,138.29912692088266,2003
48,127.11574381218446,2007
46,68.74808773376687,2003
46,84.39111474778001,2004
55,85.38394037898266,2009
51,128.68048822062414,2006
49,70.47601964694451,2005
34,76.89360251761123,2008
53,148.4131591025766,2007
40,148.4131591025766,2004
50,175.96088313040124,2009
37,98.59934386038917,2006
39,145.14360117691106,2003
52,99.68946369848636,2004
50,141.08887439126974,2003
48,123.08969984794346,2006
47,129.4536445766255,2006
27,111.7208493609888,2005
39,103.90247060316008,2006
44,118.88435933988579,2009
37,151.59148423981398,2003
52,101.82435207567953,2006
26,99.68946369848636,2004
39,99.68946369848636,2008
25,99.68946369848636,2006
31,94.07271474570051,2005
58,152.21680682710604,2004
30,104.92150653366392,2005
27,65.1108537153447,2004
40,95.23071256698191,2003
55,173.87949331001195,2006
35,193.41107053096852,2009
48,114.47571329034717,2008
29,160.6424754082633,2006
25,89.49247951800011,2005
40,120.58943653040211,2004
27,73.77574327469462,2006
44,127.11574381218446,2006
49,118.88435933988579,2006
22,34.6074177301288,2003
45,114.47571329034717,2007
33,85.38394037898266,2007
49,141.7751723331802,2006
39,130.98217737746066,2005
25,73.77574327469462,2007
29,130.98217737746066,2005
37,75.04315401735154,2006
35,154.99026027681182,2008
46,104.92150653366392,2009
58,73.11830692386403,2008
39,123.08969984794346,2003
41,157.70052772573715,2008
29,81.28325328425272,2008
37,107.2560621284292,2009
62,78.98167451629936,2009
27,73.77574327469462,2008
37,94.07271474570051,2003
56,99.68946369848636,2006
36,176.9896504898766,2004
23,73.77574327469462,2005
46,99.68946369848636,2003
26,94.07271474570051,2009
43,95.23071256698191,2006
36,127.11574381218446,2007
54,99.68946369848636,2003
62,95.68881190673713,2003
40,109.83398564219921,2006
53,118.88435933988579,2006
48,176.9896504898766,2007
23,61.18752643399147,2004
34,81.28325328425272,2009
55,81.28325328425272,2006
59,81.28325328425272,2007
60,55.76739050849227,2007
49,75.35567931800914,2009
45,130.98217737746066,2006
31,43.735111677982104,2006
34,114.47571329034717,2004
26,114.47571329034717,2005
22,81.28325328425272,2007
40,68.57216570227378,2004
41,109.83398564219921,2009
36,97.49329404539341,2006
38,62.39835472056851,2007
48,97.49329404539341,2003
47,134.70537511887878,2006
47,61.18752643399147,2005
35,118.88435933988579,2007
49,65.1108537153447,2008
40,109.83398564219921,2004
32,104.92150653366392,2004
57,73.77574327469462,2008
56,141.7751723331802,2008
73,90.48191335664015,2009
29,73.77574327469462,2007
49,134.70537511887878,2003
30,109.83398564219921,2009
29,91.69922611170422,2008
36,95.23071256698191,2004
39,156.50351088263324,2009
48,104.92150653366392,2007
45,99.68946369848636,2006
50,54.598150033144236,2004
42,32.36641317485487,2003
58,118.88435933988579,2007
48,109.83398564219921,2007
48,109.83398564219921,2003
45,118.88435933988579,2005
41,110.7826502762544,2007
27,93.55726734793063,2008
44,109.83398564219921,2004
32,118.88435933988579,2003
46,118.88435933988579,2006
52,52.15617116991475,2005
22,43.735111677982104,2003
53,117.14681691480487,2004
34,118.88435933988579,2008
38,148.4131591025766,2009
42,101.82435207567953,2009
25,94.07271474570051,2005
29,86.69515482894022,2004
28,141.7751723331802,2005
46,66.9616443217359,2005
55,118.88435933988579,2007
56,105.76763962275824,2004
41,118.88435933988579,2005
61,176.9896504898766,2009
47,65.1108537153447,2003
52,85.38394037898266,2006
27,72.15045568157132,2004
33,89.2428846644714,2007
58,65.1108537153447,2003
27,145.8051633746247,2005
52,87.98103278560542,2009
45,41.099803630119425,2003
22,68.39565380354551,2003
25,81.28325328425272,2005
25,73.77574327469462,2004
41,130.98217737746066,2005
54,148.4131591025766,2006
23,81.22674631202302,2007
36,63.18886100374613,2006
31,94.07271474570051,2004
52,92.65813016685972,2006
46,76.89360251761123,2007
45,118.88435933988579,2007
40,79.85490030934672,2009
33,86.69515482894022,2004
42,133.97150007069519,2007
41,125.52549843383584,2007
25,92.89584478949662,2007
24,72.15045568157132,2005
24,118.88435933988579,2006
51,70.47601964694451,2008
41,127.11574381218446,2004
42,114.47571329034717,2009
30,87.98103278560542,2005
55,54.598150033144236,2009
23,84.04595765399237,2008
60,85.38394037898266,2003
40,141.7751723331802,2003
41,110.7826502762544,2008
80,79.85490030934672,2003
53,97.49329404539341,2005
40,171.7651326275075,2004
35,137.48124783166278,2009
55,75.35567931800914,2009
24,73.77574327469462,2008
39,148.4131591025766,2007
30,95.23071256698191,2003
68,87.98103278560542,2005
54,109.83398564219921,2004
27,81.28325328425272,2008
34,118.88435933988579,2005
53,127.11574381218446,2004
48,85.38394037898266,2004
59,81.28325328425272,2005
30,118.88435933988579,2004
45,163.51586397623814,2007
39,104.92150653366392,2007
45,99.68946369848636,2008
30,138.29912692088266,2003
57,176.9896504898766,2005
53,136.87636763518367,2004
42,186.87667762800666,2009
23,90.48191335664015,2005
58,85.38394037898266,2009
43,145.14360117691106,2005
33,120.58943653040211,2003
56,101.82435207567953,2004
37,108.87452583471249,2006
41,38.6059145209601,2009
33,92.89584478949662,2007
50,126.32388070978574,2007
43,191.57368354841194,2003
53,155.90050614676707,2004
37,87.98103278560542,2005
20,59.097064081589075,2006
26,73.77574327469462,2003
29,90.48191335664015,2003
57,118.88435933988579,2008
47,151.59148423981398,2009
38,97.49329404539341,2007
23,68.11199406532704,2006
31,127.11574381218446,2004
33,111.7208493609888,2003
48,127.11574381218446,2004
33,87.98103278560542,2008
52,114.47571329034717,2009
30,69.79153084544076,2008
44,94.07271474570051,2004
38,127.27334700648598,2004
51,160.6424754082633,2008
47,171.7651326275075,2007
28,141.7751723331802,2005
52,115.37503855639125,2004
23,72.15045568157132,2004
65,73.77574327469462,2003
27,127.11574381218446,2005
33,20.934377940101804,2004
49,79.85490030934672,2008
27,102.87024693321467,2008
48,115.37503855639125,2008
38,97.49329404539341,2005
58,104.92150653366392,2008
40,115.37503855639125,2003
46,93.48669204295967,2007
53,123.08969984794346,2009
25,118.88435933988579,2009
42,96.3706528322308,2003
40,84.04595765399237,2004
35,127.11574381218446,2006
50,95.23071256698191,2005
34,81.28325328425272,2004
48,102.87024693321467,2009
49,111.7208493609888,2004
41,94.07271474570051,2009
37,127.11574381218446,2004
58,104.92150653366392,2003
28,68.11199406532704,2006
33,128.68048822062414,2003
50,143.92735936582963,2003
38,103.90247060316008,2009
48,91.69922611170422,2003
30,95.23071256698191,2008
49,138.29912692088266,2006
44,118.55677641507029,2005
50,94.07271474570051,2009
58,114.47571329034717,2009
45,150.01328628271014,2004
44,97.49329404539341,2005
35,90.48191335664015,2005
59,81.28325328425272,2005
45,130.98217737746066,2009
51,150.96278346214268,2004
61,130.98217737746066,2006
45,145.14360117691106,2008
34,90.48191335664015,2003
33,113.56708956975103,2007
45,87.98103278560542,2005
50,157.70052772573715,2009
50,109.83398564219921,2006
39,84.04595765399237,2005
26,160.64363817179108,2009
49,47.90556703702709,2007
20,59.097064081589075,2003
31,81.28325328425272,2003
49,87.98103278560542,2007
56,87.98103278560542,2007
61,143.80855682436928,2005
56,110.7826502762544,2005
51,118.88435933988579,2009
42,120.58943653040211,2004
30,105.37589266027132,2006
48,69.01087662208852,2005
33,87.98103278560542,2009
50,89.2428846644714,2007
31,171.7651326275075,2003
48,133.2323508265668,2003
35,200.543262324662,2005
47,92.89584478949662,2009
45,148.4131591025766,2007
52,119.74255628990784,2009
46,82.6796372966372,2007
47,105.92781077506274,2007
36,104.92150653366392,2007
51,127.11574381218446,2005
46,157.70052772573715,2008
37,148.4131591025766,2004
23,65.1108537153447,2005
43,104.92150653366392,2008
34,78.39246680098368,2006
58,139.21378813866397,2008
44,112.64889634210017,2009
61,79.85490030934672,2008
40,65.1108537153447,2005
37,111.7208493609888,2003
33,104.92150653366392,2003
38,176.9896504898766,2004
41,99.68946369848636,2006
30,104.92150653366392,2005
51,70.81503861675567,2003
39,94.07271474570051,2003
56,127.11574381218446,2006
44,97.49329404539341,2007
51,109.83398564219921,2005
35,75.1996281485946,2006
27,65.1108537153447,2009
47,146.46283851506294,2003
51,81.28325328425272,2007
41,127.11574381218446,2006
63,73.77574327469462,2005
61,65.1108537153447,2009
46,99.68946369848636,2004
33,79.85490030934672,2009
35,73.77574327469462,2009
28,87.98103278560542,2003
50,118.88435933988579,2007
23,118.88435933988579,2008
45,106.92181409121146,2004
63,100.01348692470579,2007
59,108.87452583471249,2006
30,114.47571329034717,2005
30,115.37503855639125,2003
45,130.98217737746066,2007
42,79.85490030934672,2005
57,106.92181409121146,2009
52,22.962400679642943,2003
54,115.18245512658058,2003
30,103.90247060316008,2005
47,184.46946422249854,2003
47,99.68946369848636,2003
39,128.68048822062414,2008
50,87.98103278560542,2005
47,54.598150033144236,2003
45,99.68946369848636,2004
44,118.88435933988579,2007
52,92.16112203234957,2003
42,127.11574381218446,2004
18,41.70499049933954,2004
56,109.83398564219921,2006
50,82.6796372966372,2004
53,99.68946369848636,2006
38,176.9896504898766,2009
27,84.04595765399237,2004
56,163.51586397623814,2004
50,81.28325328425272,2003
56,130.98217737746066,2003
50,127.11574381218446,2007
49,72.15045568157132,2005
42,104.92150653366392,2005
50,186.87667762800666,2009
53,176.9896504898766,2003
28,139.70307152765756,2007
45,73.77574327469462,2003
24,66.2294082943902,2009
25,81.28325328425272,2003
38,104.92150653366392,2004
47,109.83398564219921,2009
38,154.68529299563002,2003
33,106.92181409121146,2007
52,87.98103278560542,2005
46,90.48191335664015,2005
42,106.92181409121146,2004
61,56.90553914467319,2003
32,81.28325328425272,2005
42,107.90392386687648,2009
61,196.12527259425497,2006
27,91.69922611170422,2009
45,200.543262324662,2008
58,32.36641317485487,2003
25,104.92150653366392,2007
34,100.76427284210669,2007
44,85.38394037898266,2005
40,82.6796372966372,2007
51,97.49329404539341,2007
50,121.01082656575541,2003
64,133.97150007069519,2009
54,148.4131591025766,2003
42,104.92150653366392,2008
31,81.28325328425272,2007
25,90.48191335664015,2003
32,106.92181409121146,2006
51,114.47571329034717,2007
75,53.39534689057271,2007
28,87.98103278560542,2003
28,66.2294082943902,2009
32,96.3706528322308,2007
36,97.15827504365028,2008
43,200.543262324662,2004
51,123.08969984794346,2004
35,99.68946369848636,2005
46,94.07271474570051,2004
38,81.28325328425272,2003
43,154.68529299563002,2004
39,109.83398564219921,2004
37,123.08969984794346,2007
59,73.77574327469462,2008
33,107.90392386687648,2003
23,73.77574327469462,2007
37,87.98103278560542,2006
40,27.14057920790244,2005
25,94.07271474570051,2006
27,102.45355757837184,2008
52,94.07271474570051,2008
23,81.28325328425272,2007
33,87.98103278560542,2004
37,109.83398564219921,2005
34,80.43020794582075,2008
51,148.4131591025766,2003
40,148.4131591025766,2007
50,81.28325328425272,2007
64,118.88435933988579,2005
54,80.48744435951097,2008
50,91.69922611170422,2003
32,109.35562640025326,2004
37,104.92150653366392,2004
19,65.1108537153447,2006
32,76.89360251761123,2006
42,99.68946369848636,2004
26,99.68946369848636,2009
46,157.70052772573715,2009
18,49.55533812152264,2009
43,90.48191335664015,2005
62,111.7208493609888,2003
44,148.4131591025766,2008
40,133.2323508265668,2005
43,134.70537511887878,2006
32,118.88435933988579,2004
48,87.98103278560542,2006
35,109.83398564219921,2009
61,130.98217737746066,2006
47,89.2428846644714,2006
55,102.87024693321467,2005
28,76.89360251761123,2008
52,149.69504206845264,2008
27,102.87024693321467,2009
22,90.48191335664015,2006
20,69.92912720640865,2006
42,106.92181409121146,2006
29,87.98103278560542,2007
31,109.83398564219921,2003
59,151.59148423981398,2008
36,148.4131591025766,2008
32,66.9616443217359,2007
32,103.90247060316008,2005
25,99.68946369848636,2006
43,134.70537511887878,2008
44,43.735111677982104,2008
57,116.70715455914814,2009
49,141.7751723331802,2006
41,144.47808766541038,2007
38,134.70537511887878,2006
58,118.88435933988579,2004
59,189.244162932803,2004
39,160.6424754082633,2005
60,96.03165701944573,2006
56,111.06519431974216,2007
44,148.4131591025766,2008
70,99.68946369848636,2008
27,81.28325328425272,2009
47,118.88435933988579,2004
41,127.11574381218446,2003
29,104.92150653366392,2008
42,112.64889634210017,2009
47,114.47752113250219,2009
48,111.7208493609888,2008
39,134.70537511887878,2003
23,75.35567931800914,2005
31,119.74085129618028,2007
59,118.88435933988579,2005
19,27.14057920790244,2003
42,182.0206209635125,2009
35,65.1108537153447,2004
38,141.7751723331802,2007
45,114.47571329034717,2006
58,135.5980597522405,2008
26,117.14681691480487,2006
30,99.68946369848636,2003
38,94.07271474570051,2008
44,94.07271474570051,2005
52,96.3706528322308,2003
73,75.35567931800914,2004
65,104.92150653366392,2006
28,95.23071256698191,2003
53,54.598150033144236,2009
53,89.2428846644714,2006
52,145.14360117691106,2008
27,96.86670324333292,2009
57,130.98217737746066,2003
32,84.04595765399237,2004
51,148.1550467274276,2007
43,49.55533812152264,2008
50,141.7751723331802,2004
53,115.37503855639125,2004
54,65.1108537153447,2007
24,85.38394037898266,2007
40,101.82435207567953,2008
30,95.23071256698191,2003
45,99.68946369848636,2003
55,147.1166891599782,2007
45,140.39820016194417,2003
44,109.83398564219921,2004
37,127.11574381218446,2004
41,115.37503855639125,2008
44,59.097064081589075,2007
52,76.89360251761123,2007
55,141.7751723331802,2009
43,70.90958586966573,2003
27,200.543262324662,2009
43,97.49329404539341,2006
46,99.68946369848636,2007
30,186.87667762800666,2003
43,81.28325328425272,2003
48,160.6424754082633,2005
33,63.966690830060735,2003
29,87.98103278560542,2008
24,73.77574327469462,2005
52,145.14360117691106,2009
50,141.7751723331802,2005
24,76.89360251761123,2005
42,123.90856759795726,2003
53,118.88435933988579,2004
46,54.598150033144236,2004
40,154.68529299563002,2008
41,180.03019707623565,2003
41,118.88435933988579,2006
36,87.98103278560542,2009
34,91.69922611170422,2003
24,59.097064081589075,2004
44,123.90856759795726,2008
33,109.83398564219921,2007
25,94.07271474570051,2007
40,117.14681691480487,2005
48,65.1108537153447,2007
56,97.49329404539341,2005
25,118.01975334000589,2005
44,141.7751723331802,2005
27,116.17669517105391,2003
58,75.35567931800914,2006
52,95.23071256698191,2008
60,111.7208493609888,2007
39,103.90247060316008,2008
51,147.1166891599782,2004
31,87.98103278560542,2007
45,118.88435933988579,2005
43,100.76427284210669,2005
45,120.58943653040211,2008
40,193.8668781465863,2004
46,118.88435933988579,2008
47,174.40287601227527,2006
52,133.97150007069519,2004
31,154.68529299563002,2003
40,154.68529299563002,2007
26,118.88435933988579,2009
49,95.23071256698191,2004
38,109.83398564219921,2009
50,111.7208493609888,2005
63,134.70537511887878,2006
35,85.90104432265555,2008
29,118.88435933988579,2008
33,87.98103278560542,2008
29,92.89584478949662,2007
62,109.83398564219921,2007
45,124.72044624288552,2008
56,127.90123297911782,2003
58,97.49329404539341,2003
39,198.35029046438527,2007
49,92.89584478949662,2005
24,94.07271474570051,2004
61,148.4131591025766,2003
58,79.85490030934672,2008
47,118.88435933988579,2009
41,87.98103278560542,2004
71,94.07271474570051,2008
47,150.07047690942355,2006
38,176.9896504898766,2005
31,73.77574327469462,2005
56,125.12381572195957,2007
33,107.90392386687648,2003
36,60.73977851776029,2005
31,92.03632330107637,2006
55,109.83398564219921,2004
48,66.9616443217359,2005
50,114.47571329034717,2005
42,170.69512771130036,2006
25,130.98217737746066,2008
55,127.11574381218446,2008
28,117.14681691480487,2004
30,123.08969984794346,2003
46,120.58943653040211,2008
48,130.98217737746066,2004
42,81.28325328425272,2006
23,36.673704196079946,2008
60,104.92150653366392,2003
34,74.41296351291696,2008
45,129.0678205067447,2003
28,84.10001011644826,2007
33,185.91866287975355,2004
58,105.92781077506274,2008
47,163.51586397623814,2008
24,63.18886100374613,2003
56,134.70537511887878,2008
56,120.92670154442632,2004
23,94.07271474570051,2005
56,132.48782112612304,2003
45,133.2323508265668,2003
58,145.14360117691106,2009
30,118.88435933988579,2007
46,150.3306534957661,2009
50,98.26923080879267,2006
43,99.68946369848636,2008
37,94.07271474570051,2006
49,176.9896504898766,2003
31,166.3249412338765,2009
54,94.07271474570051,2009
52,139.70307152765756,2007
70,78.39246680098368,2003
30,141.77585646630732,2005
44,116.26532406250342,2006
34,148.4131591025766,2003
38,87.98103278560542,2007
28,90.48191335664015,2006
38,141.7751723331802,2005
39,63.092716734838604,2003
52,65.1108537153447,2008
34,151.59148423981398,2004
33,123.08969984794346,2003
45,118.88435933988579,2007
58,79.85490030934672,2006
38,104.00495991222158,2003
63,55.53610441773851,2007
38,99.68946369848636,2007
31,99.68946369848636,2007
53,193.45260689410892,2007
21,102.87024693321467,2009
38,164.64698893032815,2006
18,69.61903690467626,2004
28,99.68946369848636,2008
33,114.47571329034717,2003
32,99.68946369848636,2004
29,95.23071256698191,2009
28,82.6796372966372,2005
42,116.94308132061724,2005
28,54.598150033144236,2007
36,138.29912692088266,2009
47,130.98217737746066,2007
48,163.51586397623814,2003
36,179.21485803627118,2006
55,126.32388070978574,2007
37,70.47601964694451,2008
68,118.01975334000589,2009
65,71.31963879421826,2003
37,114.47571329034717,2007
33,138.29912692088266,2007
19,54.598150033144236,2003
50,94.07271474570051,2004
22,80.43020794582075,2004
40,89.2428846644714,2004
45,117.14681691480487,2008
36,127.11574381218446,2009
37,81.28325328425272,2005
24,52.407064048200155,2003
66,99.68946369848636,2007
35,63.18886100374613,2004
33,196.12527259425497,2009
44,101.82435207567953,2005
48,107.90392386687648,2004
47,51.23965492283824,2009
41,99.68946369848636,2004
55,63.18886100374613,2005
74,148.4131591025766,2008
33,99.68946369848636,2007
62,130.98217737746066,2003
56,101.82435207567953,2004
29,99.68946369848636,2006
56,79.85490030934672,2009
47,160.6424754082633,2009
45,134.70537511887878,2005
44,160.6424754082633,2007
25,91.69922611170422,2004
45,75.35567931800914,2005
40,136.1577108372299,2005
56,134.70537511887878,2003
56,81.98531783449961,2005
47,176.9896504898766,2003
39,118.88608035103424,2007
38,121.26274573261763,2005
48,94.07271474570051,2009
44,99.68946369848636,2005
42,123.90856759795726,2003
55,118.88435933988579,2009
61,82.6796372966372,2006
39,81.28325328425272,2006
30,104.92150653366392,2005
49,99.68946369848636,2009
33,136.1577108372299,2006
31,81.28325328425272,2006
35,68.50868965722483,2005
55,81.28325328425272,2003
36,114.47571329034717,2008
37,118.01975334000589,2003
33,99.68946369848636,2006
48,118.88435933988579,2006
47,118.88435933988579,2004
60,123.08969984794346,2003
28,109.83398564219921,2004
28,102.87024693321467,2005
48,163.51586397623814,2005
29,117.14681691480487,2009
40,92.30006142825887,2004
32,100.01348692470579,2009
33,55.0697284222779,2004
40,101.82435207567953,2003
42,148.4131591025766,2004
36,115.37503855639125,2003
39,73.77574327469462,2004
43,129.4536445766255,2009
44,96.3706528322308,2008
29,87.98103278560542,2006
49,104.92150653366392,2007
47,130.98217737746066,2007
46,190.5476785647412,2004
41,118.01975334000589,2006
52,79.85490030934672,2008
43,72.47931629712522,2003
38,148.4131591025766,2004
42,74.4446382014083,2003
56,118.88435933988579,2005
39,128.68048822062414,2003
29,87.98103278560542,2005
33,104.92150653366392,2004
41,92.89584478949662,2004
44,70.47601964694451,2004
45,200.543262324662,2005
58,102.87024693321467,2004
29,102.87024693321467,2005
42,65.1108537153447,2004
68,109.83398564219921,2008
47,127.11574381218446,2005
30,94.07271474570051,2005
39,67.86252341136814,2005
42,125.52549843383584,2008
49,165.20877376725488,2006
36,81.28325328425272,2009
44,112.64889634210017,2003
54,76.89360251761123,2009
42,75.04315401735154,2003
39,128.68048822062414,2003
30,59.097064081589075,2008
33,63.773391196248824,2004
28,84.04595765399237,2003
38,93.93718158105213,2003
30,82.6796372966372,2005
25,118.88435933988579,2008
52,81.28325328425272,2007
26,66.9616443217359,2007
54,166.3249412338765,2009
62,99.68946369848636,2005
57,141.7751723331802,2009
32,143.13494081113438,2003
60,35.03342132149954,2003
40,109.83398564219921,2004
49,111.01440550879776,2005
54,132.48782112612304,2006
48,148.4131591025766,2009
35,73.77574327469462,2009
46,143.69971013381272,2009
42,99.68946369848636,2007
30,200.543262324662,2003
27,85.38658902362444,2008
55,109.83398564219921,2008
50,61.05242105012463,2004
55,118.88435933988579,2006
40,145.8051633746247,2006
32,112.64889634210017,2005
27,106.92181409121146,2006
49,106.92181409121146,2007
50,127.11574381218446,2007
50,87.98103278560542,2006
44,144.47808766541038,2008
57,160.40970196228895,2007
72,87.98103278560542,2008
23,65.1108537153447,2006
31,176.9896504898766,2007
36,54.598150033144236,2008
63,109.83398564219921,2009
48,81.69842172472899,2006
46,114.47571329034717,2005
55,142.63447276797189,2003
44,160.6424754082633,2007
44,94.07271474570051,2006
32,54.598150033144236,2004
60,73.77574327469462,2003
42,160.6424754082633,2004
48,148.4131591025766,2009
36,87.98230642949868,2008
31,101.82435207567953,2009
54,111.7208493609888,2006
29,106.92181409121146,2007
46,126.32388070978574,2003
35,109.83398564219921,2003
50,92.89584478949662,2009
25,54.598150033144236,2005
33,96.3706528322308,2005
34,114.47571329034717,2008
51,94.07271474570051,2006
33,95.23071256698191,2004
59,139.0034080594695,2007
62,81.28325328425272,2006
28,94.07271474570051,2005
40,87.98103278560542,2008
52,138.29912692088266,2003
29,89.49247951800011,2007
34,92.89584478949662,2007
25,54.598150033144236,2004
66,94.07271474570051,2005
43,68.74808773376687,2005
45,92.89584478949662,2007
35,114.47571329034717,2006
43,109.83398564219921,2005
49,109.83398564219921,2007
60,77.04520085282421,2004
46,94.07271474570051,2003
55,101.82435207567953,2009
32,118.88435933988579,2006
53,133.2323508265668,2007
57,157.10350432344964,2009
59,182.0206209635125,2004
45,119.09923477133995,2006
56,71.68674366591722,2006
30,85.38394037898266,2005
21,72.15045568157132,2006
60,138.29912692088266,2003
60,101.82435207567953,2007
48,109.83398564219921,2007
39,87.98103278560542,2003
32,115.37503855639125,2009
51,191.57368354841194,2007
47,86.69515482894022,2006
44,75.8522371953675,2007
46,166.3249412338765,2008
28,56.90553914467319,2004
24,99.68946369848636,2003
37,92.89584478949662,2006
31,99.68946369848636,2006
72,92.89584478949662,2004
50,101.82435207567953,2008
36,145.14360117691106,2007
27,76.89360251761123,2006
27,90.48191335664015,2009
41,127.11574381218446,2004
20,82.6796372966372,2008
49,99.68946369848636,2008
25,64.15923256608816,2007
41,89.49247951800011,2006
53,87.98103278560542,2009
45,127.11574381218446,2009
32,66.9616443217359,2003
47,148.4131591025766,2005
26,123.08969984794346,2003
31,133.2323508265668,2009
32,118.88435933988579,2007
50,120.16611963542137,2006
46,115.37503855639125,2007
47,112.64889634210017,2006
55,118.88435933988579,2005
49,148.4131591025766,2005
25,61.18752643399147,2004
60,95.68881190673713,2008
62,89.2428846644714,2008
63,127.90123297911782,2003
31,128.68048822062414,2004
29,109.83398564219921,2006
51,114.47571329034717,2008
28,76.12969963709855,2007
36,123.08969984794346,2005
28,99.68946369848636,2007
38,102.87024693321467,2004
35,96.3706528322308,2008
46,117.14681691480487,2005
37,90.48191335664015,2007
41,104.92150653366392,2005
59,73.77574327469462,2006
51,107.90392386687648,2006
26,99.68946369848636,2006
34,60.15412466224406,2003
32,123.08969984794346,2004
23,81.28325328425272,2007
50,143.13494081113438,2004
25,69.09818380872261,2009
43,78.98167451629936,2004
36,128.68048822062414,2009
50,54.598150033144236,2006
34,134.70537511887878,2006
34,104.92150653366392,2005
39,78.21457569316497,2003
40,82.6796372966372,2004
32,117.14681691480487,2005
63,118.88435933988579,2006
38,109.83398564219921,2004
67,59.097064081589075,2008
39,116.26532406250342,2005
31,61.18752643399147,2003
41,114.47571329034717,2006
47,78.39246680098368,2003
61,122.26367389280242,2009
61,148.4131591025766,2005
21,54.598150033144236,2008
22,66.04469423180564,2004
53,126.9578856771852,2003
47,81.28325328425272,2004
36,127.90123297911782,2005
36,87.98103278560542,2007
42,123.08969984794346,2005
54,104.92150653366392,2004
27,87.98103278560542,2004
36,131.73780115500074,2004
35,73.77574327469462,2006
60,104.92150653366392,2003
42,91.60261566253405,2005
41,123.08969984794346,2008
35,131.65269865426802,2004
22,70.66104766944072,2007
47,84.85204409378736,2007
59,102.87024693321467,2004
29,103.90247060316008,2007
32,94.07271474570051,2006
49,128.68048822062414,2003
30,106.32686489467382,2009
33,99.25528682685616,2003
51,133.2323508265668,2007
37,78.39246680098368,2003
46,130.98217737746066,2003
63,109.83398564219921,2007
41,96.3706528322308,2005
40,109.83398564219921,2005
45,94.07271474570051,2005
48,200.543262324662,2008
28,87.98103278560542,2007
65,87.98103278560542,2009
50,97.49329404539341,2005
53,107.90392386687648,2008
48,95.68881190673713,2007
30,109.83398564219921,2003
37,87.38744997134485,2006
51,88.83156917381345,2004
55,166.3249412338765,2008
35,94.69569513171945,2004
33,122.26367389280242,2006
41,132.48782112612304,2008
34,96.3706528322308,2003
33,89.2428846644714,2006
49,81.28325328425272,2008
62,73.77574327469462,2006
31,109.83398564219921,2004
43,100.09966249204214,2007
43,134.26567715865397,2008
43,91.69922611170422,2004
48,109.54729663424865,2009
48,70.47601964694451,2003
50,144.20473889285924,2007
29,99.68946369848636,2009
52,94.07271474570051,2004
46,87.98103278560542,2004
40,94.07271474570051,2005
43,81.28325328425272,2004
54,115.37503855639125,2006
38,107.90392386687648,2006
32,101.4020523029919,2004
28,144.47942267942264,2008
33,145.14360117691106,2005
44,163.51586397623814,2004
41,81.28325328425272,2006
31,40.40566525968448,2005
48,97.49329404539341,2007
50,117.14681691480487,2007
47,118.88435933988579,2004
31,84.04595765399237,2004
40,88.81647397411508,2008
54,86.69515482894022,2009
24,75.35567931800914,2004
34,98.59934386038917,2005
65,87.98103278560542,2003
28,109.64296814026339,2007
30,79.85490030934672,2008
45,166.3249412338765,2009
35,139.0034080594695,2008
46,145.14360117691106,2005
47,85.38394037898266,2003
71,99.69162839707211,2008
39,130.98217737746066,2003
41,68.74808773376687,2009
33,139.70307152765756,2007
76,176.9896504898766,2009
20,76.89360251761123,2009
34,134.70537511887878,2006
26,99.68946369848636,2003
51,148.4131591025766,2006
25,79.85490030934672,2003
62,128.68048822062414,2006
37,180.77995222985933,2006
37,94.07271474570051,2009
32,89.49247951800011,2007
55,130.2208323587774,2007
36,77.49768138773584,2009
39,148.4131591025766,2006
46,185.28331708849834,2004
48,128.68048822062414,2007
34,147.1166891599782,2005
39,106.92181409121146,2004
50,115.37503855639125,2005
54,91.69922611170422,2006
60,148.4131591025766,2007
48,111.7208493609888,2007
47,126.32388070978574,2007
20,65.1108537153447,2004
60,107.90392386687648,2003
37,54.598150033144236,2003
46,134.70537511887878,2003
54,72.47931629712522,2003
51,130.98217737746066,2006
32,91.69922611170422,2009
35,154.68529299563002,2006
46,114.47571329034717,2003
38,87.98103278560542,2008
62,80.57319970573587,2005
47,94.07271474570051,2003
28,141.7751723331802,2003
61,145.14360117691106,2007
26,94.07271474570051,2003
49,127.11574381218446,2006
28,113.56708956975103,2009
61,101.59553820814664,2003
42,134.70537511887878,2003
31,127.11574381218446,2009
50,87.98103278560542,2009
44,78.39246680098368,2005
54,82.6796372966372,2006
40,97.49329404539341,2003
38,87.85354690038305,2005
43,184.16713579958744,2006
43,109.83398564219921,2009
30,95.23071256698191,2004
58,59.097064081589075,2005
60,118.88435933988579,2007
45,130.98217737746066,2004
47,134.70537511887878,2008
47,87.98103278560542,2005
59,67.36898208066448,2003
36,83.32134154478854,2006
39,118.88435933988579,2008
40,105.92781077506274,2004
42,85.38394037898266,2003
29,73.77574327469462,2009
38,139.0034080594695,2005
58,123.08969984794346,2003
18,55.997433832457155,2004
35,141.7751723331802,2004
30,154.07299720631528,2008
48,118.88435933988579,2003
27,114.47571329034717,2004
40,120.92670154442632,2005
34,97.49329404539341,2007
54,141.7751723331802,2004
20,75.04315401735154,2006
50,89.49247951800011,2005
42,198.35029046438527,2009
45,65.26143902291935,2008
59,107.90392386687648,2003
44,81.28325328425272,2003
67,76.89360251761123,2005
26,76.89360251761123,2007
40,140.39820016194417,2007
42,104.92150653366392,2004
22,81.28325328425272,2005
43,140.39820016194417,2005
34,79.85490030934672,2004
44,79.85490030934672,2004
54,124.72044624288552,2003
55,148.4131591025766,2008
30,118.88435933988579,2009
48,176.9896504898766,2004
48,109.83398564219921,2003
30,127.11574381218446,2008
38,110.7826502762544,2006
25,91.69922611170422,2005
59,104.92150653366392,2009
36,163.51586397623814,2007
60,104.92150653366392,2008
40,123.08969984794346,2005
28,118.88435933988579,2003
34,148.4131591025766,2004
39,175.4435492991289,2008
26,96.3706528322308,2005
28,96.93409045701154,2004
27,99.68946369848636,2004
34,99.68946369848636,2008
51,109.83398564219921,2005
58,87.98103278560542,2008
42,138.29912692088266,2004
32,47.93367132973799,2005
27,104.92150653366392,2006
51,99.68946369848636,2009
50,133.2323508265668,2009
25,115.37503855639125,2009
60,120.92670154442632,2006
62,148.4131591025766,2004
53,120.58943653040211,2006
39,144.47808766541038,2009
23,90.48191335664015,2003
47,148.4131591025766,2008
32,123.08969984794346,2009
40,78.39246680098368,2005
57,107.90392386687648,2006
31,148.4131591025766,2005
28,89.2428846644714,2005
58,130.98217737746066,2007
47,87.98103278560542,2008
41,70.47601964694451,2003
53,108.68130823734901,2004
27,80.57319970573587,2009
19,65.1108537153447,2003
47,65.1108537153447,2007
44,118.88435933988579,2005
32,73.77574327469462,2006
23,54.598150033144236,2005
31,66.2294082943902,2006
50,134.70537511887878,2003
52,46.76326879771867,2004
20,76.89360251761123,2003
33,81.28325328425272,2004
26,99.68946369848636,2008
40,166.3249412338765,2004
29,94.07271474570051,2005
35,114.47571329034717,2004
34,87.98103278560542,2009
37,118.88435933988579,2003
37,161.91495138192937,2008
22,73.77574327469462,2003
39,99.68946369848636,2008
42,103.90247060316008,2003
44,108.87452583471249,2006
45,107.90392386687648,2008
42,141.7751723331802,2003
52,160.6424754082633,2009
27,112.18612287585445,2004
46,169.07354004942798,2009
59,96.3706528322308,2007
52,81.28325328425272,2005
19,54.598150033144236,2003
64,107.90392386687648,2003
38,136.87636763518367,2007
45,65.1108537153447,2006
53,179.52809219645118,2008
28,66.2294082943902,2007
39,104.92150653366392,2003
52,176.9896504898766,2008
41,114.47571329034717,2009
44,76.89360251761123,2004
48,94.07271474570051,2005
47,127.11574381218446,2003
31,94.07271474570051,2006
28,103.90247060316008,2005
45,99.68946369848636,2007
56,87.98103278560542,2004
47,136.1577108372299,2004
41,94.07271474570051,2005
49,87.98103278560542,2006
28,97.49329404539341,2009
19,43.735111677982104,2009
48,117.14681691480487,2004
47,127.11574381218446,2003
39,109.83398564219921,2003
45,66.9616443217359,2004
52,127.90123297911782,2006
51,118.88435933988579,2008
46,74.43830466818243,2009
45,143.13494081113438,2003
40,87.98103278560542,2005
48,128.68048822062414,2008
47,121.43031382262248,2004
45,98.59934386038917,2009
49,117.14681691480487,2005
57,109.83398564219921,2007
77,99.68946369848636,2005
48,160.6424754082633,2005
56,118.88435933988579,2004
39,163.51586397623814,2007
44,110.7826502762544,2003
49,87.98103278560542,2007
58,54.598150033144236,2008
46,127.03684668361593,2005
39,123.08969984794346,2004
26,73.77574327469462,2007
61,99.68946369848636,2003
62,94.07271474570051,2003
47,87.98103278560542,2008
40,118.88435933988579,2003
35,65.1108537153447,2006
61,141.7751723331802,2008
38,134.70537511887878,2003
18,76.89360251761123,2008
45,101.4020523029919,2006
27,99.68946369848636,2009
22,95.23071256698191,2004
29,73.77574327469462,2008
50,123.08969984794346,2006
25,99.68946369848636,2003
35,118.88435933988579,2007
41,127.11574381218446,2004
38,145.14360117691106,2009
49,118.88435933988579,2008
36,128.68048822062414,2004
66,92.89584478949662,2005
23,68.74808773376687,2003
28,99.68946369848636,2004
42,109.83398564219921,2007
20,43.735111677982104,2007
37,189.244162932803,2009
58,32.36641317485487,2009
45,154.68529299563002,2004
64,114.47571329034717,2006
45,148.4131591025766,2009
52,101.82435207567953,2007
42,123.08969984794346,2005
32,118.88435933988579,2005
40,75.04315401735154,2009
55,160.6424754082633,2005
46,104.92150653366392,2004
55,81.28325328425272,2008
53,99.68946369848636,2003
33,104.92150653366392,2005
45,95.23071256698191,2006
54,99.68946369848636,2006
32,84.04595765399237,2004
42,176.9896504898766,2005
35,118.88435933988579,2004
54,94.07271474570051,2004
38,94.07271474570051,2003
31,101.82435207567953,2004
41,85.38394037898266,2003
45,142.45716988511188,2005
49,118.88435933988579,2003
50,95.23071256698191,2004
40,111.7208493609888,2003
29,59.62864555365565,2003
25,99.68946369848636,2006
32,99.68946369848636,2004
51,86.69515482894022,2007
29,93.0440149336701,2008
32,134.70537511887878,2005
42,145.14360117691106,2008
59,148.4131591025766,2005
31,87.98103278560542,2003
29,108.39064002040868,2006
52,73.77574327469462,2006
35,73.77574327469462,2006
28,106.36964718149778,2008
50,78.39246680098368,2006
49,72.56122830880746,2004
39,73.77734527194887,2009
26,38.22358282182276,2003
31,99.68946369848636,2003
50,50.41192284356973,2007
62,170.46016591485832,2009
35,123.08969984794346,2004
22,73.77574327469462,2005
55,110.7826502762544,2003
63,125.52549843383584,2006
63,75.04315401735154,2004
39,95.23071256698191,2008
28,118.88435933988579,2003
43,127.11574381218446,2006
58,70.47601964694451,2006
38,166.3249412338765,2007
49,139.1563253918618,2004
62,25.291008097103457,2003
36,81.44683486060107,2004
54,87.98103278560542,2004
26,116.44231833365106,2005
46,166.3249412338765,2009
58,149.69504206845264,2006
22,73.77574327469462,2005
63,136.87636763518367,2008
67,129.4536445766255,2007
44,111.7208493609888,2008
51,178.70065720702542,2003
46,49.55533812152264,2003
43,82.6796372966372,2007
40,73.77574327469462,2004
31,92.89584478949662,2008
41,114.47571329034717,2007
21,84.04595765399237,2008
51,76.89360251761123,2008
43,79.85490030934672,2003
34,130.98217737746066,2004
45,148.4131591025766,2008
35,65.1108537153447,2008
33,134.70537511887878,2004
46,94.07271474570051,2003
38,94.07271474570051,2003
44,90.48191335664015,2004
50,111.7217824279973,2006
55,107.90392386687648,2009
49,191.57368354841194,2009
47,145.14360117691106,2006
40,138.63917222156886,2003
21,53.638722022167805,2003
60,93.05348736106545,2008
56,81.28325328425272,2008
61,128.68048822062414,2004
44,136.1577108372299,2008
43,160.6424754082633,2007
29,109.83398564219921,2005
38,148.4131591025766,2003
26,108.39064002040868,2003
28,67.14308075466346,2006
38,118.01975334000589,2003
45,109.83398564219921,2006
39,47.33890609627157,2004
33,62.91365496917997,2003
44,70.47601964694451,2005
48,99.68946369848636,2006
45,92.79134808101333,2007
56,99.69162839707211,2007
40,114.47571329034717,2009
71,89.2428846644714,2006
30,118.88435933988579,2006
45,148.4131591025766,2004
41,90.48191335664015,2004
40,118.88435933988579,2003
59,89.16782866707777,2004
46,73.77574327469462,2007
38,70.47601964694451,2003
26,93.48669204295967,2007
53,70.47601964694451,2005
46,99.68946369848636,2004
42,98.59934386038917,2007
28,54.598150033144236,2006
30,86.69515482894022,2004
34,118.88435933988579,2008
46,160.6424754082633,2008
22,59.097064081589075,2007
37,92.72952790913536,2007
27,63.18886100374613,2008
52,114.47571329034717,2008
43,65.1108537153447,2008
52,148.4131591025766,2004
54,109.48984145217389,2005
47,99.68946369848636,2007
21,105.92781077506274,2005
42,134.70537511887878,2005
72,189.244162932803,2003
38,104.92150653366392,2003
53,82.6796372966372,2009
35,81.28325328425272,2006
60,76.89360251761123,2008
39,85.38394037898266,2003
45,73.77574327469462,2005
61,106.60802149353191,2008
64,95.23071256698191,2008
39,70.47601964694451,2004
46,105.92781077506274,2007
25,56.45386497541877,2008
80,94.07271474570051,2003
51,105.92781077506274,2008
58,75.04315401735154,2004
52,118.88435933988579,2009
45,138.29912692088266,2004
41,99.68946369848636,2007
42,95.23071256698191,2004
31,94.07271474570051,2008
49,123.08969984794346,2004
47,90.48191335664015,2009
39,87.98103278560542,2005
53,109.83398564219921,2006
37,85.38394037898266,2003
52,191.57368354841194,2003
41,101.82435207567953,2006
39,148.4131591025766,2006
63,171.7651326275075,2009
23,73.45442826076209,2007
62,87.98103278560542,2004
29,102.87024693321467,2004
43,160.6424754082633,2004
34,123.08969984794346,2008
38,91.69922611170422,2003
25,85.38394037898266,2005
64,109.83398564219921,2005
49,114.47571329034717,2003
46,84.31576886457526,2009
30,114.47571329034717,2006
33,57.35259107961768,2003
29,104.92150653366392,2007
32,125.52549843383584,2008
54,108.87452583471249,2007
40,65.1108537153447,2005
24,109.83398564219921,2005
30,70.81503861675567,2008
49,145.14360117691106,2009
47,101.82435207567953,2006
25,84.04595765399237,2008
44,134.70537511887878,2007
41,97.49329404539341,2007
54,154.68529299563002,2005
59,200.543262324662,2009
25,59.73422334074667,2003
63,91.69922611170422,2009
49,109.83398564219921,2009
35,114.47571329034717,2008
24,66.2294082943902,2006
66,92.89584478949662,2003
57,94.07271474570051,2008
47,118.88435933988579,2003
44,132.48782112612304,2006
56,127.11574381218446,2006
34,99.68946369848636,2004
23,40.40566525968448,2006
30,138.29912692088266,2008
38,102.87024693321467,2004
43,79.85490030934672,2004
58,111.7208493609888,2007
36,62.19867943026103,2005
48,70.47601964694451,2007
35,86.04280113019271,2005
22,99.68946369848636,2006
50,113.56708956975103,2007
58,100.76427284210669,2004
20,61.18752643399147,2003
44,113.6127457264298,2007
50,134.70537511887878,2003
55,104.9235317007091,2009
39,109.83398564219921,2003
50,148.4131591025766,2008
24,148.4131591025766,2009
53,109.83398564219921,2009
35,81.28325328425272,2003
25,79.85490030934672,2003
24,109.83398564219921,2006
57,148.4131591025766,2005
43,65.1108537153447,2005
33,88.29869947230574,2009
40,91.69922611170422,2005
39,73.77574327469462,2008
32,70.47601964694451,2004
48,128.68048822062414,2005
29,94.07271474570051,2004
35,98.59934386038917,2005
41,133.2323508265668,2004
52,134.70537511887878,2009
50,91.69922611170422,2005
35,160.63549859685412,2004
27,99.68946369848636,2007
57,114.47571329034717,2004
48,97.49329404539341,2004
41,98.04835050560037,2009
59,104.92150653366392,2005
55,109.83398564219921,2003
54,133.2323508265668,2005
34,118.88435933988579,2003
43,73.77574327469462,2009
43,104.92150653366392,2003
62,62.030304606072555,2003
45,97.49329404539341,2006
40,145.8051633746247,2004
33,82.6796372966372,2003
45,148.4131591025766,2005
21,49.55533812152264,2009
54,73.77574327469462,2009
43,73.77574327469462,2003
54,127.11574381218446,2004
35,109.83398564219921,2004
23,61.5945831752282,2008
61,111.44046956706838,2006
51,138.29912692088266,2004
43,127.11574381218446,2006
20,75.35567931800914,2003
51,139.0034080594695,2007
65,118.88435933988579,2009
37,109.83398564219921,2009
24,66.2330957333126,2008
36,73.29308207228812,2003
45,130.98217737746066,2005
36,86.91032773899464,2009
32,109.83398564219921,2004
45,118.88435933988579,2009
51,104.92150653366392,2003
33,136.87636763518367,2005
47,84.04595765399237,2003
37,196.12527259425497,2003
41,121.43031382262248,2008
23,96.39779590235516,2005
57,128.68048822062414,2009
61,148.4131591025766,2006
47,85.38394037898266,2007
29,87.98103278560542,2003
37,99.68946369848636,2005
57,148.4131591025766,2005
39,81.28325328425272,2004
59,145.8051633746247,2007
31,149.05589558940366,2007
26,97.49329404539341,2009
51,118.01975334000589,2009
38,99.68946369848636,2006
51,118.88435933988579,2006
50,79.85490030934672,2004
32,118.88435933988579,2005
38,160.6424754082633,2007
49,176.9896504898766,2005
40,73.77574327469462,2005
60,154.68529299563002,2007
30,101.82435207567953,2007
41,130.98217737746066,2003
32,114.47571329034717,2009
26,105.92781077506274,2009
41,81.28325328425272,2004
53,134.70537511887878,2008
35,97.49329404539341,2005
50,109.83398564219921,2008
43,171.7651326275075,2004
50,67.82678713199657,2003
19,73.77574327469462,2009
42,91.69922611170422,2004
53,66.9616443217359,2007
22,95.23071256698191,2004
49,98.59934386038917,2003
33,109.83398564219921,2005
31,81.28325328425272,2005
43,90.48191335664015,2004
57,109.83398564219921,2009
40,148.4131591025766,2005
48,84.52946902485174,2003
46,101.82435207567953,2004
58,104.92150653366392,2009
50,104.92150653366392,2003
38,99.68946369848636,2005
33,101.4020523029919,2004
52,149.05589558940366,2007
48,73.77574327469462,2004
53,160.6424754082633,2006
37,118.88435933988579,2008
43,119.40520432240055,2007
54,107.90392386687648,2008
41,154.8683672315591,2004
57,75.35567931800914,2005
54,118.539502533774,2007
25,76.89360251761123,2009
35,62.19867943026103,2003
29,182.0206209635125,2008
43,141.7751723331802,2005
41,186.87667762800666,2007
52,72.15045568157132,2003
48,49.55533812152264,2005
51,81.28325328425272,2003
55,118.88435933988579,2004
37,97.49329404539341,2004
48,111.7208493609888,2007
42,101.82435207567953,2003
43,127.11574381218446,2007
32,87.98103278560542,2006
33,84.04595765399237,2006
48,78.39246680098368,2003
20,46.36650274128621,2009
43,132.86076531157204,2005
58,61.5945831752282,2003
38,99.68946369848636,2004
23,66.2294082943902,2008
54,108.87452583471249,2009
66,99.68946369848636,2007
47,152.83880099118213,2009
35,76.89360251761123,2003
39,143.13494081113438,2008
35,125.20428658029034,2005
40,75.61069586394702,2006
41,109.83398564219921,2006
40,176.9896504898766,2004
50,59.097064081589075,2006
35,99.68946369848636,2004
43,95.23071256698191,2009
26,104.92150653366392,2005
23,49.55533812152264,2009
61,130.98217737746066,2003
24,43.735111677982104,2004
66,118.88435933988579,2006
50,109.83398564219921,2006
22,75.04315401735154,2005
62,91.69922611170422,2004
55,105.92781077506274,2003
41,73.77574327469462,2004
54,170.15683441780106,2005
29,138.29912692088266,2009
39,101.82435207567953,2004
71,87.98103278560542,2006
22,78.39246680098368,2003
48,123.08969984794346,2007
35,116.26532406250342,2009
46,90.48191335664015,2003
51,109.83398564219921,2003
55,104.92150653366392,2005
36,118.88435933988579,2005
57,94.07271474570051,2008
21,141.7751723331802,2005
60,128.68048822062414,2006
41,73.77574327469462,2006
56,139.35381176749289,2004
32,94.07271474570051,2005
32,73.77574327469462,2003
36,107.90392386687648,2006
28,64.54207487329793,2006
60,138.29912692088266,2009
41,89.2428846644714,2003
55,99.68946369848636,2006
36,109.83398564219921,2003
46,90.48191335664015,2006
62,89.49247951800011,2008
44,102.76628087728793,2006
36,118.88435933988579,2006
41,148.4131591025766,2004
22,114.47571329034717,2006
51,129.9836348188971,2008
57,110.7826502762544,2008
55,114.47571329034717,2005
36,148.4131591025766,2003
38,23.95294447899655,2003
27,103.90247060316008,2006
32,118.88435933988579,2007
44,71.68674366591722,2009
38,141.7751723331802,2007
36,99.68946369848636,2003
28,108.87452583471249,2005
39,79.85490030934672,2005
42,78.98460618093215,2008
51,82.6796372966372,2009
55,89.49247951800011,2004
39,130.98217737746066,2007
42,109.70605181271083,2003
33,117.14681691480487,2006
23,73.77574327469462,2008
40,81.28325328425272,2003
40,80.85819595646913,2003
51,107.90392386687648,2009
76,76.89360251761123,2007
57,87.98103278560542,2007
27,95.23071256698191,2003
26,84.04595765399237,2005
25,99.68946369848636,2005
27,101.4020523029919,2005
33,87.98103278560542,2004
51,87.98103278560542,2003
22,94.07271474570051,2005
47,128.19963687179515,2005
34,136.51765522243596,2009
47,107.90392386687648,2008
31,123.08969984794346,2005
46,91.69922611170422,2005
47,78.39246680098368,2006
49,154.68529299563002,2006
40,136.1577108372299,2003
51,81.28325328425272,2004
31,76.28327785396418,2008
58,109.83398564219921,2003
48,87.78843621545845,2005
54,127.11574381218446,2004
56,154.07299720631528,2007
61,109.83398564219921,2007
32,138.29912692088266,2009
60,164.64698893032815,2007
42,138.29912692088266,2006
22,44.97829202725161,2003
46,106.72397762529879,2003
53,114.47571329034717,2005
43,73.77574327469462,2008
32,75.35567931800914,2009
30,141.7751723331802,2009
50,109.83398564219921,2009
55,79.85490030934672,2009
42,166.3249412338765,2004
35,75.35567931800914,2004
33,100.08674231794797,2004
33,102.87024693321467,2004
38,118.71209405372493,2003
41,117.14681691480487,2009
42,123.50001777458412,2009
58,148.4131591025766,2009
45,76.89360251761123,2009
47,109.83398564219921,2009
30,105.92781077506274,2005
34,160.6424754082633,2009
43,149.69504206845264,2006
58,99.68946369848636,2008
44,104.9235317007091,2009
28,61.18752643399147,2005
46,105.92781077506274,2004
36,107.90392386687648,2008
37,70.81503861675567,2007
47,160.6424754082633,2008
56,99.68946369848636,2007
38,111.7208493609888,2009
41,75.35567931800914,2007
62,94.07271474570051,2004
40,87.98103278560542,2004
44,123.08969984794346,2004
56,99.68946369848636,2007
51,76.89360251761123,2008
41,86.69515482894022,2005
52,176.9896504898766,2005
27,100.76427284210669,2008
52,114.47571329034717,2004
51,67.17929147541744,2005
51,79.85490030934672,2009
28,90.48191335664015,2005
49,57.97094217727305,2007
61,114.47571329034717,2007
39,99.68946369848636,2006
23,89.49247951800011,2005
53,151.80509628908294,2007
55,87.98103278560542,2004
48,87.98103278560542,2005
50,104.92150653366392,2007
31,65.1108537153447,2009
53,128.68048822062414,2007
49,154.68529299563002,2008
49,130.98217737746066,2003
43,120.58943653040211,2004
20,81.28325328425272,2007
46,110.17293028782197,2008
48,152.21680682710604,2005
19,70.47601964694451,2005
56,85.38394037898266,2004
44,101.82435207567953,2003
23,85.38394037898266,2009
42,101.82435207567953,2005
32,118.88435933988579,2008
32,73.77574327469462,2003
43,73.77574327469462,2003
57,138.6109940326446,2008
26,109.83398564219921,2008
67,151.59148423981398,2009
31,176.9896504898766,2004
49,103.90247060316008,2006
29,128.68048822062414,2005
41,108.87452583471249,2008
35,87.98103278560542,2006
39,95.23071256698191,2009
33,98.59934386038917,2004
53,141.7751723331802,2009
43,123.08969984794346,2009
36,94.65402038197014,2004
38,148.4131591025766,2004
58,104.92150653366392,2003
45,123.08969984794346,2004
34,94.59609910386526,2005
30,127.11574381218446,2007
21,29.376976100603706,2008
39,129.4536445766255,2003
28,109.83398564219921,2006
54,99.68946369848636,2008
24,90.48191335664015,2007
57,70.81503861675567,2005
48,95.23071256698191,2003
31,109.83398564219921,2004
47,182.0206209635125,2006
44,160.6424754082633,2004
30,70.47601964694451,2004
41,130.98217737746066,2003
26,105.92781077506274,2008
32,109.83398564219921,2009
39,97.47100609558939,2009
42,111.7208493609888,2004
24,172.21726552180937,2005
44,129.4536445766255,2006
30,127.11574381218446,2006
58,134.70537511887878,2006
33,94.07271474570051,2008
56,94.07271474570051,2008
28,96.93409045701154,2005
22,32.36641317485487,2009
37,84.450253670189,2004
18,65.1108537153447,2006
37,84.71838970304776,2004
43,167.706575552614,2007
49,94.07271474570051,2008
36,134.70537511887878,2005
47,81.28325328425272,2007
52,134.70537511887878,2003
34,114.47571329034717,2009
62,130.98217737746066,2004
44,104.92150653366392,2007
48,152.21680682710604,2005
51,124.72044624288552,2007
35,148.4131591025766,2009
42,89.2428846644714,2003
34,82.6796372966372,2005
50,94.07271474570051,2003
50,153.45751530896138,2006
55,46.76326879771867,2004
56,129.4536445766255,2009
50,130.98217737746066,2005
44,94.07271474570051,2009
30,99.68946369848636,2005
34,128.68048822062414,2005
50,73.77574327469462,2007
51,110.7826502762544,2004
53,99.68946369848636,2003
40,91.69922611170422,2004
34,82.6796372966372,2006
36,118.88435933988579,2006
44,148.4131591025766,2005
54,95.23071256698191,2008
36,163.51586397623814,2008
33,114.47571329034717,2008
44,102.87024693321467,2004
80,87.98103278560542,2005
45,87.98103278560542,2005
58,70.47601964694451,2008
51,101.82435207567953,2004
33,87.98103278560542,2007
28,104.92150653366392,2006
37,127.11574381218446,2004
56,99.68946369848636,2006
59,171.7651326275075,2009
56,75.04315401735154,2004
34,72.15045568157132,2003
37,34.6074177301288,2004
36,94.07271474570051,2009
45,176.9896504898766,2008
36,140.39820016194417,2006
23,27.14057920790244,2008
56,127.11574381218446,2003
33,114.47571329034717,2005
48,127.11574381218446,2009
28,82.6796372966372,2008
37,101.82435207567953,2008
56,86.69515482894022,2006
22,63.18886100374613,2005
60,114.92652178146263,2007
30,81.28325328425272,2009
50,101.82435207567953,2003
38,101.82435207567953,2003
55,103.18132695872653,2009
26,113.56708956975103,2006
39,148.4131591025766,2006
42,148.4131591025766,2003
71,105.69144753052996,2007
33,128.68048822062414,2008
49,51.751440370942596,2004
45,81.28325328425272,2005
41,158.2946214277908,2004
59,54.12120539516501,2005
33,127.11574381218446,2004
47,71.68674366591722,2009
34,145.14360117691106,2006
23,94.07271474570051,2007
32,127.90123297911782,2009
30,102.87024693321467,2009
54,89.49247951800011,2006
46,104.92150653366392,2009
52,137.5901427665064,2005
50,176.9896504898766,2008
57,97.49329404539341,2007
46,100.76427284210669,2005
30,81.28325328425272,2005
32,56.90553914467319,2006
53,105.92781077506274,2008
48,138.29912692088266,2005
31,108.87452583471249,2003
50,76.89360251761123,2003
41,109.83398564219921,2004
47,94.07271474570051,2008
37,75.35567931800914,2004
24,74.57116177236834,2004
53,81.28325328425272,2004
39,95.23071256698191,2004
47,145.14360117691106,2007
36,140.39820016194417,2006
34,148.4131591025766,2006
45,99.68946369848636,2004
60,59.097064081589075,2003
43,118.88435933988579,2006
20,64.35102457227374,2009
27,133.2323508265668,2008
35,59.097064081589075,2004
50,104.92150653366392,2008
56,60.15412466224406,2009
19,30.923752693387343,2008
35,109.83398564219921,2006
23,65.1108537153447,2005
45,94.07271474570051,2003
54,65.1108537153447,2004
43,87.98103278560542,2008
42,176.9896504898766,2008
51,189.244162932803,2005
49,79.85490030934672,2007
48,111.18546193022553,2006
50,118.88435933988579,2005
37,81.28325328425272,2006
38,186.87667762800666,2005
58,154.68529299563002,2009
41,124.72044624288552,2005
51,99.59198881627073,2006
44,87.98103278560542,2006
43,114.47571329034717,2003
34,145.14360117691106,2004
43,138.29912692088266,2005
61,113.56708956975103,2004
40,118.01975334000589,2008
49,104.92150653366392,2009
55,130.98217737746066,2003
54,123.08969984794346,2005
41,109.83398564219921,2004
29,109.83398564219921,2006
66,138.29912692088266,2009
61,107.43397061040346,2006
34,105.92781077506274,2003
41,121.43031382262248,2007
48,85.38394037898266,2004
26,91.69922611170422,2005
54,90.48191335664015,2006
44,104.92150653366392,2008
60,147.1166891599782,2008
57,81.28325328425272,2008
53,107.90392386687648,2009
54,118.88435933988579,2007
37,104.92150653366392,2009
62,127.11574381218446,2008
40,87.98103278560542,2003
39,111.7208493609888,2008
55,81.28325328425272,2005
57,123.08969984794346,2006
45,176.9896504898766,2003
41,82.6796372966372,2003
28,102.76628087728793,2007
58,120.58943653040211,2003
47,141.7751723331802,2008
60,106.92181409121146,2007
52,109.83398564219921,2006
31,99.68946369848636,2008
63,200.543262324662,2007
42,109.83398564219921,2005
30,125.52549843383584,2009
52,114.47571329034717,2007
38,160.6424754082633,2005
29,99.68946369848636,2008
42,160.6424754082633,2007
57,125.52549843383584,2007
46,133.2323508265668,2005
21,75.04315401735154,2003
34,109.83398564219921,2005
39,63.18886100374613,2008
26,95.23071256698191,2006
42,111.7208493609888,2004
48,78.39246680098368,2004
54,99.68946369848636,2009
80,82.6796372966372,2003
37,78.39246680098368,2006
31,81.28325328425272,2007
41,70.81503861675567,2003
37,148.4131591025766,2004
43,130.60222752031444,2003
54,200.543262324662,2004
39,148.4131591025766,2004
45,87.98103278560542,2004
21,96.1440722120499,2007
59,104.92150653366392,2005
29,62.23868125638753,2007
29,137.5901427665064,2009
33,87.98103278560542,2005
45,155.90050614676707,2003
53,176.9896504898766,2008
63,123.08969984794346,2003
56,138.29912692088266,2004
21,63.18886100374613,2003
39,73.77574327469462,2007
30,182.0206209635125,2007
42,116.26532406250342,2003
40,94.07271474570051,2004
47,148.4131591025766,2004
43,20.085536923187668,2005
42,111.7208493609888,2005
50,148.4131591025766,2008
39,81.28325328425272,2004
50,70.47601964694451,2007
60,92.89584478949662,2005
57,87.98103278560542,2009
38,89.49247951800011,2007
49,102.87024693321467,2004
51,73.77574327469462,2004
33,66.2294082943902,2004
59,117.14681691480487,2006
41,101.82435207567953,2006
33,116.26532406250342,2003
28,126.32388070978574,2008
49,82.74175416744625,2009
51,112.64889634210017,2005
36,118.88435933988579,2008
26,87.98103278560542,2003
22,54.029965175759536,2005
47,117.14681691480487,2006
59,118.88435933988579,2003
41,127.90123297911782,2004
32,87.98103278560542,2006
45,109.83398564219921,2008
39,68.74808773376687,2008
64,95.23071256698191,2006
36,134.70537511887878,2004
61,81.28325328425272,2004
34,68.74808773376687,2003
52,134.70537511887878,2004
33,81.28325328425272,2008
36,150.69518210174135,2009
34,94.07271474570051,2005
39,75.35567931800914,2004
59,141.7751723331802,2004
49,175.93299770234984,2009
40,198.35029046438527,2006
49,94.07271474570051,2006
25,81.28325328425272,2003
59,81.28325328425272,2009
39,76.43645437281396,2007
40,94.07271474570051,2005
51,104.92150653366392,2009
63,110.7826502762544,2009
53,92.89584478949662,2007
25,99.68946369848636,2008
53,85.38394037898266,2007
23,75.35567931800914,2006
36,72.15045568157132,2004
19,31.410996271635874,2005
47,92.89584478949662,2005
43,103.90247060316008,2005
40,111.7208493609888,2004
38,180.77995222985933,2009
63,109.83398564219921,2003
45,36.673704196079946,2008
32,73.77574327469462,2008
37,98.59934386038917,2009
37,57.46364703851326,2004
41,118.88435933988579,2008
45,82.6796372966372,2005
22,81.28325328425272,2008
44,91.69922611170422,2003
39,116.26532406250342,2007
40,141.7751723331802,2005
33,81.28325328425272,2003
35,91.09321846897328,2006
63,114.47571329034717,2009
45,160.6424754082633,2003
31,99.68946369848636,2008
41,92.89584478949662,2003
45,82.6796372966372,2009
47,99.68946369848636,2007
35,124.72044624288552,2006
52,100.76427284210669,2005
62,169.8003422806708,2003
47,82.6796372966372,2003
40,136.87636763518367,2004
48,118.88435933988579,2009
55,118.88435933988579,2005
64,114.47571329034717,2009
29,61.18752643399147,2004
49,118.88435933988579,2003
32,133.2323508265668,2009
41,82.6796372966372,2006
58,148.4131591025766,2004
41,148.4131591025766,2003
34,96.93409045701154,2007
43,154.68529299563002,2004
23,87.98103278560542,2003
40,102.87024693321467,2003
35,106.92181409121146,2004
42,148.41444819560493,2007
47,111.7208493609888,2009
45,148.4131591025766,2007
34,108.87452583471249,2008
57,104.92150653366392,2004
32,86.17378672711364,2005
55,102.87024693321467,2009
22,76.28327785396418,2008
51,124.72044624288552,2005
26,66.9616443217359,2006
27,54.598150033144236,2004
34,166.3249412338765,2004
48,91.70163967444486,2007
23,78.34656199526654,2008
41,111.7208493609888,2003
49,151.59148423981398,2009
47,120.58943653040211,2005
35,117.14681691480487,2005
50,81.98531783449961,2007
55,137.5901427665064,2006
69,40.40566525968448,2009
45,154.68529299563002,2004
40,154.68529299563002,2005
47,143.32531810877788,2005
22,78.39246680098368,2008
42,85.38394037898266,2003
47,159.47417666110468,2008
48,66.2294082943902,2005
28,111.7208493609888,2009
49,90.72707931351266,2005
51,128.68048822062414,2009
58,148.4131591025766,2003
32,114.47571329034717,2005
55,87.98103278560542,2009
49,94.07271474570051,2007
46,87.98103278560542,2004
44,182.0206209635125,2003
25,87.98103278560542,2003
73,92.89584478949662,2004
18,72.15045568157132,2004
52,122.26367389280242,2005
28,72.15045568157132,2008
51,82.6796372966372,2004
44,176.9896504898766,2009
44,141.7751723331802,2008
29,95.23071256698191,2003
48,141.7751723331802,2006
62,101.82435207567953,2006
40,131.73780115500074,2004
24,66.32519494304728,2003
48,118.88435933988579,2003
54,163.51586397623814,2008
69,114.47571329034717,2003
48,123.08969984794346,2006
73,40.194370516811205,2003
30,70.51341570155056,2009
41,73.77574327469462,2003
48,100.87946091879813,2009
63,84.04595765399237,2004
29,85.38394037898266,2003
40,141.7751723331802,2004
52,91.09321846897328,2007
54,114.47571329034717,2008
42,160.6424754082633,2004
31,94.07271474570051,2007
46,139.67587016274814,2006
44,125.12381572195957,2008
45,113.56708956975103,2009
40,182.0206209635125,2003
31,102.87024693321467,2005
19,76.89360251761123,2006
43,109.83398564219921,2003
56,142.45716988511188,2007
55,101.82435207567953,2006
59,118.88435933988579,2006
49,102.87024693321467,2009
42,128.68048822062414,2009
27,61.18752643399147,2008
34,81.28607728982116,2003
33,104.92150653366392,2004
35,144.47808766541038,2003
40,118.88435933988579,2004
53,94.07271474570051,2004
47,73.77574327469462,2007
45,196.12527259425497,2006
34,169.07354004942798,2009
25,69.61903690467626,2006
56,124.72044624288552,2006
54,115.51808515372035,2005
41,89.2428846644714,2003
44,170.69512771130036,2004
44,99.68946369848636,2004
46,148.4131591025766,2005
38,114.47571329034717,2009
36,128.68048822062414,2008
27,99.68946369848636,2009
33,128.68048822062414,2008
56,140.39820016194417,2006
52,111.7208493609888,2005
33,125.52549843383584,2008
32,94.07271474570051,2008
39,118.88435933988579,2008
22,72.15045568157132,2005
53,104.92150653366392,2009
37,73.77574327469462,2005
40,130.98217737746066,2008
51,78.21457569316497,2005
40,90.48191335664015,2008
56,117.14681691480487,2006
50,99.68946369848636,2009
49,166.3249412338765,2009
32,81.28325328425272,2007
21,84.04595765399237,2004
48,114.47571329034717,2004
48,73.77574327469462,2007
32,115.10620169129265,2004
30,53.02755111648171,2003
30,118.88435933988579,2006
33,79.85490030934672,2003
56,56.45386497541877,2005
46,90.48191335664015,2004
49,104.92150653366392,2003
24,87.98103278560542,2008
48,147.1166891599782,2009
37,109.83398564219921,2006
53,118.88435933988579,2007
56,141.7751723331802,2004
34,108.87452583471249,2008
56,104.92150653366392,2004
48,109.83398564219921,2006
47,27.14057920790244,2006
52,70.47601964694451,2003
40,166.8793832799619,2009
25,127.11574381218446,2008
35,117.14681691480487,2009
40,103.90247060316008,2006
22,34.6074177301288,2009
50,100.01348692470579,2003
48,64.86896919397692,2008
40,109.83398564219921,2007
45,127.11574381218446,2003
30,114.47571329034717,2004
46,117.14681691480487,2003
34,134.70537511887878,2008
32,65.1108537153447,2007
53,143.13494081113438,2004
32,76.89360251761123,2008
39,99.68946369848636,2004
51,94.07271474570051,2007
40,75.35567931800914,2004
66,127.11574381218446,2009
40,166.3249412338765,2006
52,133.2323508265668,2009
36,125.52549843383584,2007
32,89.49247951800011,2007
45,84.04595765399237,2008
37,169.07354004942798,2006
47,160.6424754082633,2004
49,144.17060648823255,2008
53,73.77574327469462,2003
66,70.47601964694451,2007
33,73.77574327469462,2006
58,94.07271474570051,2004
41,83.19132429350545,2008
54,134.70537511887878,2009
26,86.69515482894022,2009
24,70.47601964694451,2008
62,130.98217737746066,2007
63,136.30399756205375,2005
26,114.02258037855647,2005
45,106.12758215078804,2004
23,87.98103278560542,2003
31,116.26532406250342,2008
44,143.13494081113438,2003
43,54.598150033144236,2003
48,48.18565021703896,2004
48,123.08969984794346,2008
55,117.58434032335393,2006
48,145.14360117691106,2008
63,118.88435933988579,2009
57,97.49329404539341,2004
69,148.4131591025766,2008
31,127.11574381218446,2009
43,109.83398564219921,2005
19,51.90369626656816,2003
44,114.47571329034717,2005
31,134.70537511887878,2007
49,87.98103278560542,2004
29,95.23071256698191,2006
26,76.89360251761123,2008
37,116.26532406250342,2007
30,81.28325328425272,2006
35,131.62180303308986,2009
40,117.14681691480487,2004
44,68.74808773376687,2005
65,125.52549843383584,2004
54,101.82435207567953,2007
56,140.39820016194417,2009
48,107.90392386687648,2008
37,58.01478201218573,2009
30,99.68946369848636,2005
46,85.38394037898266,2005
37,131.73780115500074,2009
58,81.28325328425272,2005
52,86.69515482894022,2007
45,157.70052772573715,2006
33,65.11462387776001,2008
51,90.48191335664015,2004
50,46.76326879771867,2008
42,85.38394037898266,2006
46,139.70307152765756,2004
43,148.4131591025766,2005
47,81.28325328425272,2003
47,118.88435933988579,2005
44,71.15195654330311,2004
36,65.1108537153447,2008
39,65.1108537153447,2008
29,125.52549843383584,2003
40,123.08969984794346,2005
20,70.81503861675567,2007
32,112.64889634210017,2004
36,86.69515482894022,2003
31,82.6796372966372,2009
28,130.98217737746066,2005
41,117.14681691480487,2005
54,176.9896504898766,2004
42,118.88435933988579,2004
19,68.74808773376687,2003
64,99.68946369848636,2003
31,92.65813016685972,2003
37,109.83398564219921,2004
30,87.98103278560542,2004
24,118.88435933988579,2005
26,75.04315401735154,2006
44,114.47571329034717,2004
53,80.57319970573587,2004
42,114.47571329034717,2004
44,166.3249412338765,2009
25,85.38394037898266,2003
46,43.735111677982104,2004
52,101.82435207567953,2003
33,87.98103278560542,2008
30,121.43031382262248,2007
38,109.83398564219921,2007
29,79.85490030934672,2005
57,127.11574381218446,2008
50,115.28551699418735,2003
23,98.60153978499666,2008
46,144.47808766541038,2006
61,136.1577108372299,2005
70,100.76427284210669,2007
59,76.89360251761123,2009
57,90.48191335664015,2003
25,86.69515482894022,2003
48,123.90856759795726,2005
52,65.1108537153447,2009
44,131.73780115500074,2009
40,66.9616443217359,2004
43,196.12527259425497,2008
51,166.3249412338765,2005
43,65.1108537153447,2003
42,120.58943653040211,2003
28,101.82435207567953,2008
54,148.4131591025766,2003
34,159.05202712934636,2005
50,109.83398564219921,2004
36,140.0511976169533,2005
36,132.35247770987797,2005
71,118.88435933988579,2005
31,97.49329404539341,2006
43,134.70537511887878,2005
20,72.15045568157132,2007
23,87.98103278560542,2007
42,49.55533812152264,2007
41,149.05589558940366,2005
27,122.26367389280242,2009
29,101.82435207567953,2008
41,99.68946369848636,2008
41,104.92150653366392,2003
22,81.28325328425272,2003
39,73.77574327469462,2003
50,82.6796372966372,2008
49,148.4131591025766,2006
42,118.88435933988579,2003
38,129.4536445766255,2008
55,134.70537511887878,2004
47,79.85490030934672,2005
52,68.11199406532704,2007
56,40.40566525968448,2009
30,131.73780115500074,2007
56,134.70537511887878,2005
46,114.47571329034717,2003
43,126.32388070978574,2009
35,116.70715455914814,2003
58,109.83398564219921,2009
69,81.22674631202302,2009
68,87.98103278560542,2006
52,127.11574381218446,2004
46,104.92150653366392,2005
39,107.90392386687648,2007
66,109.83398564219921,2009
30,117.14681691480487,2005
30,107.90392386687648,2006
43,72.15045568157132,2005
49,160.6424754082633,2008
54,148.4131591025766,2005
48,143.13494081113438,2008
37,97.49329404539341,2008
46,141.7751723331802,2007
53,148.4131591025766,2007
31,109.83398564219921,2009
18,59.097064081589075,2006
49,152.52821689856043,2003
39,81.28325328425272,2006
40,43.735111677982104,2003
37,96.3706528322308,2008
24,101.82435207567953,2006
35,130.98217737746066,2007
27,82.6796372966372,2007
44,130.98217737746066,2003
46,89.2428846644714,2008
40,85.1185334226767,2005
39,166.3249412338765,2007
42,100.76427284210669,2008
37,99.68946369848636,2003
58,123.08969984794346,2008
40,163.51586397623814,2005
27,85.38394037898266,2003
31,75.35567931800914,2003
44,65.1108537153447,2008
38,92.65813016685972,2003
34,137.5901427665064,2004
41,134.8515263351201,2005
20,72.47931629712522,2007
28,178.53305038020395,2008
55,98.59934386038917,2009
38,115.37503855639125,2008
33,73.77574327469462,2005
43,36.673704196079946,2009
50,123.08969984794346,2006
55,87.98103278560542,2008
24,73.93571928717307,2005
41,176.9896504898766,2008
37,118.88435933988579,2009
42,134.70537511887878,2005
25,90.48191335664015,2004
45,148.4131591025766,2005
40,81.28325328425272,2009
43,130.98217737746066,2004
50,176.9896504898766,2006
42,82.6796372966372,2003
38,131.73780115500074,2003
44,82.6796372966372,2006
19,41.44121303491155,2007
44,117.14681691480487,2004
26,73.77574327469462,2003
54,86.69515482894022,2005
32,99.68946369848636,2006
49,141.7751723331802,2008
35,70.81503861675567,2005
34,72.15045568157132,2007
23,54.598150033144236,2003
60,127.11574381218446,2008
54,73.77574327469462,2006
31,139.70307152765756,2003
47,160.6424754082633,2006
48,23.95294447899655,2003
48,115.37503855639125,2005
35,114.47571329034717,2004
55,127.11574381218446,2006
35,137.5901427665064,2004
37,176.9896504898766,2009
27,23.27470405166014,2003
64,90.48191335664015,2007
52,73.77574327469462,2003
47,82.6796372966372,2007
26,56.90553914467319,2003
41,128.68048822062414,2005
22,75.04315401735154,2009
76,73.77574327469462,2004
46,108.06583030971768,2006
39,123.08969984794346,2006
23,73.77574327469462,2004
49,123.90856759795726,2006
44,87.98103278560542,2009
20,70.47601964694451,2006
42,148.4131591025766,2006
46,114.47571329034717,2009
33,99.68946369848636,2009
38,130.98217737746066,2006
43,109.83398564219921,2005
18,73.77574327469462,2006
43,119.74085129618028,2006
44,141.7751723331802,2009
53,128.25266109661882,2008
58,90.48191335664015,2008
23,76.89360251761123,2003
50,127.11574381218446,2004
35,118.88435933988579,2004
38,200.543262324662,2006
36,87.98103278560542,2004
32,148.4131591025766,2005
41,87.98103278560542,2005
40,99.68946369848636,2004
26,82.6796372966372,2004
26,130.98217737746066,2006
47,108.87452583471249,2008
25,54.598150033144236,2007
57,82.68239933733008,2008
30,59.62864555365565,2003
44,166.3249412338765,2007
29,79.85490030934672,2009
51,118.88435933988579,2007
37,92.89584478949662,2006
67,160.6424754082633,2004
34,70.47601964694451,2009
50,120.58943653040211,2003
38,160.6424754082633,2005
55,171.7651326275075,2008
27,120.58943653040211,2003
39,134.70537511887878,2007
54,148.4131591025766,2007
55,129.4536445766255,2008
49,134.70537511887878,2003
42,56.90553914467319,2003
39,87.98103278560542,2005
32,68.11199406532704,2003
39,128.68048822062414,2005
50,134.70537511887878,2003
47,94.07271474570051,2004
40,87.98103278560542,2003
51,118.88435933988579,2006
28,68.74808773376687,2009
53,94.07271474570051,2007
54,118.88435933988579,2005
51,91.69922611170422,2009
33,134.70537511887878,2008
55,127.11574381218446,2008
44,100.76427284210669,2003
30,105.92781077506274,2009
40,87.98103278560542,2005
26,99.68946369848636,2007
49,112.64889634210017,2006
43,163.51586397623814,2004
43,82.6796372966372,2004
44,79.85490030934672,2008
32,49.55533812152264,2006
34,152.83880099118213,2009
36,148.4131591025766,2009
51,101.4020523029919,2006
42,95.68881190673713,2007
60,118.88435933988579,2003
36,76.89360251761123,2004
47,118.88435933988579,2006
60,138.29912692088266,2004
22,54.598150033144236,2003
41,65.1108537153447,2005
56,109.83398564219921,2003
44,73.77574327469462,2003
49,105.92781077506274,2005
45,116.26532406250342,2006
25,94.07271474570051,2003
52,118.88435933988579,2007
30,148.4131591025766,2003
29,104.92150653366392,2009
23,79.85490030934672,2007
48,108.87452583471249,2007
44,109.83398564219921,2009
62,127.11574381218446,2003
33,151.59148423981398,2006
51,105.92781077506274,2008
36,200.543262324662,2006
23,59.097064081589075,2005
51,68.74808773376687,2003
47,176.9896504898766,2008
34,103.90247060316008,2003
34,82.6796372966372,2004
43,200.543262324662,2009
43,101.82435207567953,2006
40,163.51586397623814,2009
59,104.92150653366392,2005
53,109.83398564219921,2008
32,104.92150653366392,2004
48,107.90392386687648,2008
37,182.0206209635125,2008
20,75.04315401735154,2006
32,61.18752643399147,2004
40,85.38394037898266,2004
48,123.8237338341006,2004
43,176.9896504898766,2005
56,118.88435933988579,2009
38,89.49247951800011,2008
52,92.89584478949662,2006
40,127.11574381218446,2003
29,115.37503855639125,2005
45,130.9836942950019,2007
39,68.74808773376687,2003
50,182.0206209635125,2005
50,143.80855682436928,2003
57,134.70537511887878,2004
30,63.18886100374613,2003
56,75.35567931800914,2005
43,176.99067536105923,2008
43,104.92150653366392,2004
67,123.08969984794346,2005
50,111.7208493609888,2005
49,111.7208493609888,2005
50,87.98103278560542,2004
59,144.2107611660566,2004
51,117.14681691480487,2007
39,78.39246680098368,2005
54,99.68946369848636,2009
55,123.08969984794346,2004
45,127.11574381218446,2005
54,139.0034080594695,2003
23,127.11574381218446,2008
74,70.47601964694451,2003
52,109.83398564219921,2005
25,70.81503861675567,2005
45,70.47601964694451,2008
37,176.9896504898766,2004
55,113.56708956975103,2005
25,82.6796372966372,2004
66,148.4131591025766,2008
47,161.22249545679446,2007
36,127.11574381218446,2005
63,134.70537511887878,2004
44,160.6424754082633,2003
32,104.92150653366392,2006
43,134.70537511887878,2004
37,123.08969984794346,2009
26,66.9616443217359,2009
39,91.69922611170422,2004
45,160.6424754082633,2008
40,136.87636763518367,2009
51,153.45751530896138,2006
52,61.18752643399147,2009
43,65.1108537153447,2007
52,114.47571329034717,2005
50,182.0206209635125,2005
54,114.47571329034717,2005
28,97.49329404539341,2004
28,136.87636763518367,2003
26,97.49329404539341,2005
45,81.28325328425272,2009
34,73.77574327469462,2003
73,118.88435933988579,2006
31,113.56708956975103,2009
29,90.48191335664015,2005
40,160.6424754082633,2008
38,179.52809219645118,2003
42,147.76677623785562,2004
50,87.98103278560542,2007
51,59.03285482794036,2008
40,107.3160631578494,2009
25,49.55533812152264,2008
47,144.47808766541038,2009
27,81.28325328425272,2009
53,81.63526865114937,2003
67,87.98103278560542,2004
40,130.98217737746066,2008
44,87.98103278560542,2003
33,81.28325328425272,2004
29,89.2428846644714,2004
32,114.11339451011617,2003
27,104.92150653366392,2009
40,112.64889634210017,2003
36,56.90553914467319,2008
48,87.98103278560542,2003
56,118.88435933988579,2004
24,127.11574381218446,2004
53,134.70537511887878,2006
34,107.90392386687648,2008
38,48.18565021703896,2004
55,127.11574381218446,2007
70,50.35400163520826,2005
24,81.28325328425272,2003
22,75.04315401735154,2006
38,104.92150653366392,2007
29,79.85490030934672,2004
30,130.98217737746066,2006
38,171.7651326275075,2007
49,97.49329404539341,2007
71,98.59934386038917,2009
32,84.04595765399237,2005
32,70.81503861675567,2004
33,82.6796372966372,2006
40,73.77574327469462,2003
25,77.49768138773584,2005
36,91.69922611170422,2003
46,141.7751723331802,2003
59,93.72167396204686,2009
49,143.13494081113438,2003
41,91.69922611170422,2005
42,130.98217737746066,2007
59,87.98103278560542,2009
27,76.48844339774014,2004
30,71.68674366591722,2006
54,87.98103278560542,2005
31,80.57319970573587,2005
34,163.51586397623814,2007
47,107.90392386687648,2007
40,133.2323508265668,2003
29,73.77574327469462,2007
58,87.98103278560542,2003
41,119.01334523739924,2006
56,102.12700091463871,2004
52,136.87636763518367,2008
53,118.88435933988579,2003
37,65.1108537153447,2003
30,94.07271474570051,2009
35,138.29912692088266,2004
40,118.88435933988579,2006
54,79.85490030934672,2007
22,63.18886100374613,2007
37,134.70537511887878,2005
62,109.83398564219921,2009
47,104.92150653366392,2007
51,148.4131591025766,2003
47,99.68946369848636,2006
28,118.88435933988579,2003
65,95.68881190673713,2005
42,114.47571329034717,2005
58,104.92150653366392,2007
32,101.82435207567953,2007
34,146.46283851506294,2003
49,79.85490030934672,2007
39,145.14360117691106,2008
44,76.40585106545146,2008
38,84.04595765399237,2009
48,115.37503855639125,2008
47,105.92781077506274,2006
40,72.15045568157132,2009
27,79.85490030934672,2005
42,103.90247060316008,2004
30,88.99237718884261,2004
31,99.68946369848636,2007
29,112.64889634210017,2007
53,138.29912692088266,2006
37,68.74808773376687,2009
48,109.31532001996685,2007
56,148.4131591025766,2009
44,99.68946369848636,2003
63,118.01975334000589,2004
25,65.1108537153447,2003
31,94.07271474570051,2003
51,98.59934386038917,2003
25,87.98103278560542,2007
50,99.68946369848636,2007
34,108.87452583471249,2006
20,82.6796372966372,2004
30,89.49247951800011,2007
40,97.49329404539341,2009
34,56.90553914467319,2006
57,65.1108537153447,2004
42,89.49247951800011,2007
30,84.04595765399237,2003
37,94.07271474570051,2003
50,85.38394037898266,2008
26,78.39246680098368,2009
59,160.40970196228895,2007
29,132.86076531157204,2003
22,87.98103278560542,2009
54,158.17366225053772,2005
46,118.88435933988579,2003
51,101.4020523029919,2008
35,59.097064081589075,2006
49,85.38394037898266,2007
53,87.98103278560542,2003
61,160.6424754082633,2009
40,70.47601964694451,2007
52,47.747784511871345,2003
40,130.98217737746066,2005
56,85.38394037898266,2003
39,99.68946369848636,2008
30,93.87868348503729,2007
58,130.98217737746066,2003
33,167.9811282027576,2007
51,126.0850572899993,2007
32,148.4131591025766,2008
50,132.48782112612304,2009
26,118.88435933988579,2003
35,109.83398564219921,2007
31,102.87024693321467,2006
31,133.38060766141615,2009
44,154.68529299563002,2008
30,99.68946369848636,2007
27,66.2294082943902,2005
27,87.98103278560542,2005
55,90.48191335664015,2009
