LOAN,MORTDUE,VALUE,REASON,YOJ,DEROG,DELINQ,CLAGE,NINQ,CLNO,DEBTINC,STATUS
1700,30548,40320,HomeImp,9,0,0,101.46600191,1,8,37.113613558,0
1800,28502,43034,HomeImp,11,0,0,88.766029879,0,8,36.884894093,0
2400,34863,47471,HomeImp,12,0,0,70.491080032,1,21,38.263600731,0
2900,7750,67996,HomeImp,16,3,0,122.20466276,2,8,36.211347998,0
2900,61962,70915,DebtCon,2,0,0,282.80165924,3,37,49.20639579,0
3300,130518,164317,DebtCon,9,0,6,192.28914897,0,33,35.73055919,0
3700,17857,21144,HomeImp,5,0,0,129.71732313,1,9,26.634347518,0
3900,29896,45960,HomeImp,11,0,0,146.12324219,0,14,24.478881191,0
4000,26572,31960,HomeImp,11,0,0,117.79510387,0,8,41.286491948,0
4400,53091,64074,DebtCon,14,1,3,89.86105825,0,17,39.158084834,0
4900,25597,23031,HomeImp,5,0,0,101.74676644,0,8,33.243156978,0
4900,65576,65774,HomeImp,6,1,2,61.64250608,1,14,40.590910018,0
5000,46696,85202,HomeImp,2,1,2,148.34064549000001,0,14,46.489874001,0
5100,129319,141875,HomeImp,7,1,0,157.85980209,0,36,25.650741224,0
5200,40564,39527,HomeImp,0,0,0,157.77103572,1,13,72.670433313,0
5500,40584,46645,HomeImp,4,0,1,136.32063746,0,13,34.494708965,0
5500,37368,48502,HomeImp,9,0,2,48.995845002,0,10,33.126483967,0
5500,85845,122205,DebtCon,5,0,0,172.21327665,1,26,32.676640875,0
5700,77213,92661,DebtCon,0,0,0,97.133170952,1,16,41.777888631,0
5700,74172,79846,DebtCon,0,0,0,157.00977472,0,28,47.415228659,0
5800,27791,46833,DebtCon,3,0,0,83.289062746,1,13,30.187805389,0
5900,25972,41856,DebtCon,2,0,2,157.96001139,3,27,40.628278175,0
6100,62751,95617,HomeImp,1,0,0,138.64686318,1,13,31.757270694,0
6300,12476,32559,HomeImp,12,3,6,227.12990511,0,23,23.31951678,0
6500,60054,70434,HomeImp,1,0,0,127.06270157,2,21,37.800352933,0
6500,183860,208910,DebtCon,4,6,0,86.452226941,6,29,69.8005248,0
6700,60301,70543,HomeImp,5,0,0,195.78086332,0,19,32.397593406,0
6700,27510,42495,DebtCon,2,0,2,171.52648922,3,27,41.428597508,0
6900,53328,58088,DebtCon,2,0,0,101.5319079,0,21,35.764058362,0
6900,57257,63752,DebtCon,10,2,0,138.23477796,0,22,38.372460882,0
7200,15637,39660,HomeImp,6,0,1,354.23976343,3,42,33.624133446,0
7400,71576,89068,DebtCon,0,0,0,94.782230694,0,17,42.803421995,0
7500,32070,36811,DebtCon,1,1,0,228.03600011,0,6,30.162214113,0
7500,12115,35910,HomeImp,13,3,6,234.90075082,0,24,24.662276673,0
7900,67222,75189,HomeImp,4,0,0,95.676872691,0,23,36.97971203,0
7900,55383,70020,DebtCon,12,2,0,80.778941503,10,8,44.858977324,0
8000,49685,81020,HomeImp,2,0,3,129.3624659,0,15,47.000975215,0
8000,32100,36739,HomeImp,4,0,0,79.458845053,2,8,31.276715679,0
8000,92487,113947,DebtCon,8,0,3,151.81738872,0,19,26.457524449,0
8100,19772,39431,DebtCon,0,0,1,82.335287775,1,12,20.342467722,0
8100,28523,39816,DebtCon,5,0,0,130.64393328,0,16,37.393526416,0
8200,87979,94854,HomeImp,10,0,0,108.47902378,3,19,41.270682597,0
8400,48032,95213,HomeImp,5,1,4,326.67959049,0,30,38.191681736,0
8400,37256,45956,DebtCon,1,0,0,214.44323,1,6,31.24524851,0
8600,36933,42289,DebtCon,4,0,0,100.61642113,2,26,38.436490085,0
8600,44992,66403,DebtCon,8,0,0,172.55155504,1,27,43.875610821,0
8700,57141,70244,HomeImp,8,0,0,106.85542816,0,19,31.891314262,0
8800,33395,51057,DebtCon,2,0,0,80.822479691,1,20,16.883031014,0
8800,32169,37533,DebtCon,3,0,0,74.449294767,3,19,25.34174093,0
8900,62733,77741,DebtCon,8,0,0,68.890096166,3,17,37.773300594,0
8900,64343,84013,DebtCon,4,0,0,39.221719253,0,12,35.788437459,0
8900,133847,157399,HomeImp,17,0,2,70.884144094,0,12,34.702330738,0
8900,147801,157335,HomeImp,4,0,0,85.574865756,4,21,34.756560384,0
9000,90969,108606,HomeImp,5,5,2,113.25750907,5,28,27.34759661,0
9000,52311,68994,DebtCon,0,0,1,137.78400363,0,9,28.454712858,0
9000,52257,58275,DebtCon,5,0,0,80.251800985,0,21,34.144725947,0
9000,31896,46195,HomeImp,25,0,2,122.38915525,3,16,36.681652146,0
9100,17218,36721,DebtCon,8,0,1,115.75209332,3,5,37.479410286,0
9100,28550,40300,HomeImp,5,0,0,109.53563552,7,33,23.082905342,0
9300,84900,105798,DebtCon,2,0,0,41.807204596,1,3,26.956697896,0
9300,38115,60493,DebtCon,14,0,0,91.932632264,0,18,29.633608474,0
9400,52024,89107,HomeImp,0,1,0,148.84473761,3,26,36.080031774,0
9500,36114,45654,DebtCon,0,0,0,83.333291772,0,9,25.343478449,0
9500,54612,68759,HomeImp,9,0,0,89.102838608,0,19,31.353906936,0
9600,42357,99756,HomeImp,4,1,4,354.65022495,0,30,36.525172928,0
9700,32660,54536,DebtCon,0,0,0,156.4821057,0,13,67.32490355,0
9900,88236,104953,DebtCon,1,0,0,51.648705242,0,2,28.622632092,0
9900,71371,84865,DebtCon,0,2,0,94.805235749,0,12,38.211305102,0
9900,23767,39293,DebtCon,5,1,0,145.76577376,0,9,24.605128805,0
9900,59206,75690,HomeImp,6,0,2,288.39505854,1,19,30.776027864,0
10000,34350,54146,DebtCon,3,0,0,144.42288892,0,18,31.539013395,0
10200,69116,105228,HomeImp,12,0,8,122.84395119,0,36,36.122885906,0
10200,29581,39992,DebtCon,3,0,0,149.87462567,2,26,43.197242061,0
10300,70147,122124,HomeImp,1,0,0,58.895685895,0,7,57.995018623,0
10400,42714,72322,DebtCon,12,0,0,105.07480159,6,15,41.262353472,0
10500,57880,66802,DebtCon,2,0,0,94.598425262,8,21,45.464765837,0
10500,55267,65160,DebtCon,1,0,0,108.27542318,8,22,47.079285365,0
10600,61294,82646,DebtCon,5,0,4,87.859169291,2,13,36.395148149,0
10700,55043,68609,DebtCon,2,0,0,46.272175955,1,17,25.448844532,0
10800,64305,107374,DebtCon,9,0,0,97.861325762,0,36,36.996385659,0
10900,49352,56529,DebtCon,7,0,1,78.833617625,2,23,36.174955236,0
11000,60513,110485,DebtCon,3,1,1,126.77192888,1,17,40.031393322,0
11000,77517,86214,HomeImp,2,2,0,352.37913787,0,28,28.030214206,0
11000,85008,73223,HomeImp,7,0,2,197.12004536,0,23,41.441052018,0
11200,56877,65125,HomeImp,6,2,0,12.176928574,0,1,33.241218883,0
11200,68990,81922,DebtCon,12,0,1,120.88581123,2,23,43.159875329,0
11300,62568,79009,HomeImp,4,0,3,295.33466966,0,19,28.600252229,0
11600,57939,69774,DebtCon,5,0,0,91.99164592,0,12,72.264093333,0
11700,54085,68239,HomeImp,2,1,2,8.0552650769,3,15,32.012658582,0
11700,63914,93707,DebtCon,7,3,0,162.57983695,2,51,69.480650392,0
11800,67678,108092,HomeImp,13,0,7,126.65823161,0,36,37.162689687,0
11900,108763,128780,DebtCon,8,0,0,60.377932903,3,21,49.418114378,0
11900,29822,48574,DebtCon,13,0,0,132.4016914,0,4,36.611156973,0
12000,76345,89036,HomeImp,8,0,0,91.97034976,1,19,50.173065029,0
12000,48189,53969,DebtCon,5,0,0,276.38174269,0,18,65.495243152,0
12200,53242,70400,DebtCon,14,0,0,169.93066352,0,18,34.629427656,0
12300,24552,48278,DebtCon,0,0,0,171.07510456,0,16,29.299550944,0
12300,48238,66603,HomeImp,6,0,1,80.38898294,1,11,40.01910455,0
12300,64265,90956,DebtCon,10,0,1,233.15612479,0,32,32.908823864,0
12400,45604,65501,DebtCon,9,0,1,70.337530564,1,24,35.212181264,0
12400,57105,74582,DebtCon,12,0,0,134.03176787,0,20,36.925736414,0
12400,50573,84008,DebtCon,15,1,0,76.042086926,0,7,41.027966747,0
12500,69117,101503,HomeImp,13,0,7,145.95301782,0,36,36.759984664,0
12700,30428,47387,DebtCon,2,0,0,164.49002127,0,36,38.874158603,0
12800,40932,72172,DebtCon,20,0,0,162.04401039,0,16,37.51836575,0
12800,54151,83828,DebtCon,13,0,0,132.16026989,0,16,23.477426284,0
12800,81030,100333,DebtCon,11,0,1,80.148943035,4,29,42.319370392,0
12900,29891,76571,HomeImp,2,0,0,29.058670234,3,11,31.458500529,0
12900,117900,143433,DebtCon,6,0,0,227.93289343,0,35,47.619763526,0
13000,29461,49326,HomeImp,11,0,0,171.59766853,1,8,38.917999879,0
13000,125969,144076,DebtCon,4,0,0,110.19319627,2,30,48.977731698,0
13300,67483,85454,DebtCon,16,0,2,335.98931518,1,14,30.37586285,0
13300,25698,58760,HomeImp,15,0,0,147.91098236,1,10,30.962076653,0
13400,131524,148356,DebtCon,4,1,0,110.74174156,2,29,48.340234737,0
13400,58307,71810,DebtCon,9,0,2,82.708309337,2,32,36.947798216,0
13400,5900,55320,HomeImp,3,2,2,234.02181639,3,16,19.089300996,0
13700,74147,92427,DebtCon,7,0,3,181.30579978,0,33,39.272466343,0
13800,97778,116814,DebtCon,15,1,3,120.78139621,1,22,23.20471329,0
13900,77699,92587,DebtCon,13,0,2,134.63357916,0,36,39.196149463,0
13900,56710,59348,HomeImp,14,2,1,176.53032737,0,39,24.393714522,0
13900,144263,167164,DebtCon,8,2,6,111.58860329,5,38,91.612599977,0
13900,51653,85578,DebtCon,13,0,0,90.273079432,0,7,41.693377223,0
14100,52302,63589,HomeImp,6,0,0,130.34246718,4,8,34.792831648,0
14100,61036,84979,HomeImp,1,0,0,174.5911708,2,23,50.276214936,0
14200,68750,88627,DebtCon,10,0,1,219.67280084,0,32,34.639961398,0
14200,100663,122021,DebtCon,0,0,0,139.98397675,0,20,43.797459562,0
14500,38986,49970,HomeImp,1,8,1,220.91726199,0,17,47.914521113,0
14600,21340,44605,DebtCon,13,0,0,126.73042833,0,5,36.46319167,0
14700,51829,69136,DebtCon,14,0,0,169.98530778,0,18,35.635393849,0
14700,148396,162403,DebtCon,13,0,0,163.4989942,0,31,35.428415656,0
14900,54359,78408,DebtCon,4,3,0,129.96775559,0,24,3.0161414514,0
14900,55480,76464,HomeImp,15,0,1,122.08949983,5,20,43.06260476,0
14900,57557,80611,DebtCon,12,0,0,103.10650454,0,7,39.840875348,0
14900,58204,71257,DebtCon,3,3,2,206.51873487,1,50,43.762930265,0
15100,45351,65481,DebtCon,4,0,0,91.715292521,9,18,39.070153046,0
15200,105328,113931,HomeImp,3,0,0,138.13350449,2,32,61.89063458,0
15300,78375,108175,HomeImp,6,1,0,82.104836481,0,20,22.50324916,0
15300,49421,67343,DebtCon,4,0,0,57.929415092,6,22,42.929614185,0
15400,180017,206148,DebtCon,2,0,2,196.03365793,1,49,36.417342576,0
15400,63456,96794,DebtCon,3,0,0,85.529362471,0,28,37.362645,0
15500,57993,82248,DebtCon,10,0,0,173.07296854,0,16,32.142468978,0
15500,82054,104627,DebtCon,3,0,0,9.0485150864,1,35,60.645756259,0
15600,74156,101136,DebtCon,11,0,3,107.38846759,0,24,27.69600093,0
15600,62582,131510,DebtCon,2,0,2,122.60405287,1,17,38.588222397,0
15700,53443,77704,DebtCon,2,0,5,73.087538893,0,16,45.195495871,0
15700,53478,68885,DebtCon,5,0,0,83.69551611,5,17,40.349929995,0
15800,104913,121214,DebtCon,2,0,0,134.00383024,0,21,44.915160551,0
16100,49371,77400,DebtCon,3,2,2,214.06037616,1,51,44.21676389,0
16100,61712,82649,DebtCon,12,0,0,94.645123603,0,9,27.548831204,0
16200,83448,135447,DebtCon,17,0,5,129.78013164,9,19,45.554415483,0
16200,118585,131940,DebtCon,5,0,0,202.38516993,2,40,23.977112224,0
16200,23466,206368,DebtCon,9,7,3,141.02742652,10,41,32.36849777,0
16200,34984,46382,DebtCon,11,0,0,175.14431949,3,20,39.740928127,0
16200,46115,61917,HomeImp,2,0,0,259.36069753,0,47,43.717499442,0
16300,79087,102921,DebtCon,23,0,0,256.25308431,0,45,36.987085694,0
16300,49868,76131,DebtCon,9,0,0,81.274155797,2,9,40.372556541,0
16400,54818,74447,DebtCon,3,2,3,208.08886428,1,50,41.95642972,0
16500,52028,63745,DebtCon,7,0,0,105.53037606,4,18,41.344845835,0
16500,48833,68872,DebtCon,1,0,0,60.390652294,0,12,22.459624387,0
16500,143404,165267,DebtCon,14,0,1,169.7373629,1,31,36.178122,0
16500,43223,46925,DebtCon,10,0,0,178.00238341,4,20,40.206333768,0
16800,27623,88231,DebtCon,8,0,0,122.46327196,0,12,55.962022219,0
16800,16204,27781,HomeImp,1,10,0,190.57709682,0,9,27.146885648,0
16800,50445,71711,DebtCon,5,0,0,71.230761689,5,18,40.582913478,0
16900,73128,101683,DebtCon,26,0,0,254.19179745,0,45,38.512308689,0
17100,32134,69131,DebtCon,3,0,0,209.19880045,0,6,38.632967001,0
17300,73503,91842,DebtCon,0,0,6,142.33207559,1,32,46.902324378,0
17400,96590,112115,DebtCon,0,6,0,178.65958941,2,46,41.117887486,0
17400,79623,113658,DebtCon,0,0,2,212.12914517,2,25,35.106719635,0
17600,76043,95605,DebtCon,3,2,1,85.04333493,6,30,47.840295122,0
17700,58016,76416,DebtCon,4,0,0,28.011491753,5,10,41.463373328,0
17900,70046,135917,DebtCon,1,1,2,138.01100827,0,16,38.289202295,0
17900,51080,92051,HomeImp,10,0,0,117.08978536,0,31,42.373232999,0
18000,48724,72654,DebtCon,7,0,0,62.088605958,0,4,31.570298921,0
18100,23590,215548,DebtCon,10,7,2,136.5300202,10,41,33.272297524,0
18200,67809,89339,DebtCon,0,3,0,102.46098622,2,19,38.345340781,0
18200,95091,113294,DebtCon,15,0,3,188.50461695,0,36,78.654386048,0
18400,88352,110216,HomeImp,1,0,0,376.72364282,3,31,47.830671133,0
18400,72718,98065,DebtCon,8,0,0,119.05781713,0,19,35.364128433,0
18400,116228,148722,DebtCon,1,0,0,159.16923466,2,25,38.079761822,0
18600,73473,105848,HomeImp,9,0,4,186.71283572,1,14,27.646036576,0
18600,23850,61808,HomeImp,12,0,0,46.946164052,0,8,40.852927503,0
18600,64248,82690,DebtCon,0,1,0,89.189005469,0,23,53.848219887,0
18600,51936,75278,DebtCon,3,0,0,199.80175424,0,21,36.995645842,0
18700,39441,71345,DebtCon,11,0,4,132.83675752,0,13,27.691648158,0
18700,70562,91223,DebtCon,27,0,2,112.71036806,4,35,64.272476898,0
18700,66003,82410,DebtCon,0,1,0,85.77380757,1,23,51.517385302,0
18800,67666,167619,HomeImp,14,0,0,135.95180823,1,11,47.590528653,0
18800,73396,137076,DebtCon,18,0,1,163.59204517,4,20,40.375372412,0
18900,51075,78045,DebtCon,2,1,5,74.091196034,1,15,42.198282202,0
18900,61429,84990,DebtCon,8,3,1,166.17939921,2,64,40.436704805,0
19000,24658,47027,HomeImp,19,0,0,159.10522518,4,31,53.548195849,0
19300,27747,43740,DebtCon,7,1,0,167.65798082,1,16,35.086070551,0
19300,96454,157809,DebtCon,3,0,0,1168.2335609,0,0,40.206138263,0
19500,100077,122352,DebtCon,3,0,0,58.861027463,0,9,38.121518334,0
19600,117646,149975,DebtCon,4,0,0,114.21361486,1,12,31.222802648,0
19700,62351,84624,DebtCon,0,1,0,88.126516775,1,22,54.241334737,0
19700,139534,172125,DebtCon,0,0,0,101.94351853,6,17,32.761083981,0
20100,16755,29412,HomeImp,3,1,0,62.050110801,2,21,58.132182899,0
20200,82181,119535,DebtCon,41,0,0,105.21929675,3,28,52.734860612,0
20300,63803,89079,DebtCon,21,0,4,323.80857327,4,28,45.875916904,0
20300,77325,133075,DebtCon,19,1,0,166.12608913,4,21,40.736021938,0
20300,180254,220843,HomeImp,11,0,0,217.12816724,0,25,41.563100649,0
20300,66667,92158,DebtCon,9,3,1,174.89210564,2,64,40.545680998,0
20400,19265,43962,DebtCon,5,2,0,177.90470706,1,15,35.404638874,0
20500,25984,95541,DebtCon,28,1,5,248.40487821,0,21,17.805848892,0
20500,113963,131135,HomeImp,3,1,0,243.68060389,1,26,143.94960495,0
20500,106839,144460,DebtCon,13,1,1,107.67138171,4,49,39.687089435,0
20500,85884,103546,DebtCon,5,9,0,39.985829576,5,16,34.068268927,0
20600,52946,83558,DebtCon,0,0,0,65.882879392,0,10,65.143593455,0
20800,176235,209695,DebtCon,9,3,0,159.70677027,0,25,38.591939971,0
20900,66575,79416,DebtCon,13,2,1,107.26951261,7,28,28.382337015,0
20900,122807,150896,DebtCon,5,0,0,123.4795377,2,13,30.424481104,0
20900,61402,88659,DebtCon,9,3,0,164.24893233,1,63,40.921433337,0
21000,113954,136249,DebtCon,2,0,0,97.544252184,13,14,33.620883435,0
21000,48735,71694,DebtCon,8,0,0,48.498970842,3,10,32.921400637,0
21200,69212,106273,DebtCon,12,0,1,97.2311228,0,22,18.11489583,0
21300,103989,143796,DebtCon,9,2,0,135.23283605,3,20,44.382577891,0
21400,166244,212505,DebtCon,4,2,7,183.5480397,4,24,38.149059231,0
21400,104657,147364,DebtCon,7,2,0,149.25448005,2,20,46.305072149,0
21400,95147,132304,DebtCon,7,1,5,206.12766482,1,18,36.235665389,0
21600,144276,190797,DebtCon,0,1,4,313.42732166,2,18,37.971354949,0
21700,24984,92297,DebtCon,26,0,6,238.36963726,1,20,16.397160872,0
21800,76324,102287,DebtCon,6,0,1,61.641325377,4,29,41.03238603,0
21900,52735,75372,DebtCon,5,0,1,217.02094018,6,23,34.015914976,0
22400,51470,68139,DebtCon,9,0,0,31.16869601,2,8,37.952179906,0
22600,78975,103374,DebtCon,11,0,0,259.31975498,1,14,27.744055511,0
22700,94601,99755,DebtCon,3,0,0,129.56430076,0,16,37.969304541,0
22800,129697,167475,DebtCon,5,0,1,202.60380291,1,18,22.043933842,0
22900,161754,193666,DebtCon,2,0,0,260.25108099,0,27,30.278929391,0
23000,72638,109183,DebtCon,2,0,0,177.61164796,2,22,48.277591224,0
23200,129355,171709,DebtCon,0,0,0,328.51412138,0,30,40.048440044,0
23200,14511,81579,DebtCon,7,0,3,272.938299,0,23,47.120580493,0
23300,71734,100072,DebtCon,6,0,7,122.79944314,0,21,34.530438587,0
23700,43712,75191,DebtCon,6,0,0,50.717534833,2,18,37.10325125,0
23800,55753,87971,HomeImp,1,0,0,56.667099395,0,13,64.775727757,0
24000,88783,116967,DebtCon,2,0,0,171.50625674,5,23,56.961838569,0
24700,79347,108238,DebtCon,0,1,0,45.62588779,6,49,46.996034289,0
24800,76220,102087,HomeImp,6,0,1,126.64101955,0,32,48.569574037,0
24900,62191,83694,HomeImp,3,0,0,55.937512295,0,14,62.110721871,0
25000,47032,75957,DebtCon,9,0,7,259.46652785,3,22,40.787975749,0
25000,75110,114208,DebtCon,3,2,0,83.052647472,1,27,45.743949059,0
25400,107343,192642,DebtCon,1,0,10,192.6716931,1,14,35.759760239,0
25600,105480,126389,DebtCon,25,0,2,307.40290366,2,35,36.763824165,0
25600,50910,87358,DebtCon,19,2,0,104.40647219,0,27,42.677450653,0
25700,32613,63065,DebtCon,0,0,0,218.48527507,0,22,41.210107042,0
25900,42105,73249,DebtCon,2,0,0,109.21115611,3,22,31.809085921,0
25900,21852,57518,HomeImp,2,0,0,80.168479422,2,11,31.983686037,0
26000,43314,71303,DebtCon,8,0,7,246.31867494,3,23,43.215233511,0
26500,61223,92255,DebtCon,2,0,1,214.03253889,0,17,1.8555399803,0
26600,84843,115850,DebtCon,2,0,0,137.53887762,2,37,42.571889924,0
26800,89146,128923,DebtCon,7,2,1,114.46195526,7,16,2.8302971697,0
26800,138216,170052,DebtCon,10,0,0,199.73871138,1,29,76.421478047,0
26800,18459,53907,DebtCon,0,0,0,200.41702708,0,6,71.512110567,0
27000,79218,115721,DebtCon,9,0,0,280.3437201,0,35,33.227763077,0
27200,61118,35184,DebtCon,10,4,2,134.6489043,7,23,45.25528966,0
27300,106221,137727,DebtCon,3,0,0,300.57451085,3,45,32.560359399,0
27400,113364,146520,HomeImp,16,1,1,284.3680179,2,13,34.627659402,0
27700,97834,132396,HomeImp,18,0,2,303.95191452,2,26,6.8870241268,0
27700,85285,116468,DebtCon,9,0,0,312.80792835,0,36,35.96802437,0
27900,62264,39604,DebtCon,10,3,1,118.77826456,7,23,48.077531472,0
27900,90694,121543,DebtCon,5,2,1,107.04625061,8,15,0.8381175254,0
28200,66242,109762,DebtCon,8,0,1,130.96956536,0,21,60.295413494,0
28300,104686,136033,HomeImp,13,0,2,291.17166139,1,27,5.7629948717,0
28500,108293,135317,DebtCon,5,0,0,219.61525186,4,43,31.209731086,0
28600,126189,167157,DebtCon,19,0,2,239.22703591,0,26,31.012748928,0
28700,25190,59841,DebtCon,1,0,1,201.17678326,0,11,35.72928694,0
28900,63748,36392,DebtCon,9,4,1,124.24789861,6,23,44.578500055,0
30200,80951,116160,DebtCon,19,4,0,130.36036182,0,58,50.352998788,0
30500,18375,61738,DebtCon,20,3,5,141.70313332999999,0,28,45.354788696,0
31000,67794,103535,DebtCon,7,0,1,116.89898988,1,31,44.065428782,0
31200,38352,80550,DebtCon,21,1,0,116.4379076,0,14,35.38186329,0
32000,33148,69965,DebtCon,13,2,4,112.51086544,3,27,36.021508666,0
33100,111917,156552,DebtCon,12,0,0,107.2948996,2,37,41.441548663,0
33200,36705,78040,DebtCon,19,2,0,120.09014303,0,13,35.015748716,0
34400,155536,169503,DebtCon,10,0,0,107.7099227,4,32,58.826929601,0
34600,169960,224716,DebtCon,2,0,0,182.06846112,2,21,32.710204856,0
36100,233417,324987,HomeImp,4,0,0,152.24542792,0,25,21.862938911,0
36600,397299,512650,DebtCon,4,0,0,197.51668389,0,21,43.458327417,0
36800,125894,172184,DebtCon,11,0,1,214.73116034,1,33,43.847543717,0
37300,68789,86172,HomeImp,2,0,6,235.63790564,2,25,114.0505277,0
38000,94083,132791,DebtCon,10,0,1,212.99272796,0,64,62.801732089,0
38700,119847,162365,HomeImp,13,0,0,149.80279545,0,39,47.915112415,0
38900,120006,160771,HomeImp,13,0,0,137.6353734,0,40,46.701585238,0
39000,399412,511164,DebtCon,5,0,0,181.96240081,0,21,43.730031852,0
42000,9999,50681,HomeImp,3,0,0,326.06798565,5,15,12.386741311,0
42400,220757,297444,DebtCon,30,0,0,237.58980224,1,25,44.471099035,0
42800,9133,44083,HomeImp,5,0,0,333.91337361,5,15,13.417822254,0
43200,217036,291222,DebtCon,30,0,0,228.14645828,1,25,43.789499295,0
43300,217840,299171,DebtCon,31,0,0,232.27006776,1,24,43.1146909,0
44000,55604,101916,DebtCon,3,0,1,194.23495289,2,37,43.338556593,0
44400,67272,130818,HomeImp,9,0,0,112.5918505,0,12,43.680965012,0
45100,67552,128659,HomeImp,10,0,0,83.323113419,0,13,43.874079432,0
50200,197770,271676,DebtCon,16,0,0,146.86254129,1,20,42.926580203,0
50400,168561,244322,DebtCon,16,0,1,184.52328535,3,47,47.417376045,0
53400,228236,305514,HomeImp,6,0,0,11.148068505,0,2,34.558416715,0
53600,235895,299772,HomeImp,5,0,0,112.74828189,7,22,44.945929149,0
53600,208197,297280,DebtCon,4,1,1,160.48525117,2,29,41.646731499,0
65500,205156,290239,DebtCon,2,0,0,98.808205619,1,21,144.18900129,0
77400,87651,224630,HomeImp,9,0,2,73.469630013,3,13,40.929793264,0
15100,68043,80686,DebtCon,4,0,0,119.67249086,1,20,21.418227456,1
13700,12577,41075,DebtCon,7,0,0,133.54201413,0,10,22.964772727,1
22900,70497,103855,HomeImp,13,0,0,149.98961042,0,27,33.76898573,1
10800,49953,75322,DebtCon,0,0,0,58.892731331,8,21,23.875946186,1
7000,81335,81018,HomeImp,22,0,0,341.61057605,1,47,27.767299768,1
18400,40673,60418,HomeImp,27,0,0,247.64957888,0,13,24.980298956,1
5000,66435,82819,HomeImp,2,0,0,125.13062556,0,14,42.183538672,1
13500,59941,69336,HomeImp,29,1,2,182.69566963,1,24,35.51267298,1
4300,72021,80027,HomeImp,2,2,0,263.97030029,0,5,36.432093937,1
38100,67559,113024,DebtCon,16,0,0,190.67667138,0,22,40.239609635,1
18200,93702,158647,HomeImp,4,0,1,96.177793274,0,16,34.709935978,1
11000,77723,107245,HomeImp,5,0,0,115.55852962,0,26,26.91192966,1
12200,90154,110479,DebtCon,9,0,0,196.92640591,2,37,43.189031502,1
35000,239058,40848,DebtCon,4,0,1,212.01540583,3,49,40.131815447,1
24500,21470,52228,DebtCon,25,0,0,124.55994931,0,11,23.888121681,1
65200,63338,148871,HomeImp,11,0,0,124.24307678,0,12,41.444010777,1
25500,79593,113063,DebtCon,9,0,0,135.74061354,0,19,28.040793179,1
32300,133193,174905,DebtCon,13,0,0,177.0516476,1,28,39.475689602,1
20900,16174,34886,DebtCon,1,0,0,52.303656254,1,4,29.752732197,1
8300,14601,66143,HomeImp,24,0,0,320.23488221,1,12,40.015070568,1
40500,66895,113770,DebtCon,14,0,0,188.14041683,0,22,38.085328131,1
30900,190480,298239,DebtCon,27,0,1,164.60487057,0,23,39.601452126,1
20200,45088,65211,DebtCon,10,0,2,118.56966954,1,22,43.454512149,1
25300,46780,62536,DebtCon,18,0,0,189.13668831,0,22,30.746724366,1
31100,136521,188264,DebtCon,1,1,0,227.65187783,2,19,38.518644882,1
11900,81849,105403,HomeImp,5,0,1,82.639505382,1,34,36.50598321,1
17600,39057,50933,DebtCon,6,0,0,239.20163009,1,35,39.301070716,1
18900,103130,120119,DebtCon,7,0,0,292.7517427,1,19,30.681688914,1
26500,76599,119041,DebtCon,4,0,0,97.265658469,1,31,40.12650973,1
8600,78579,93697,DebtCon,0,0,0,115.19332144,1,10,33.837202699,1
6100,68743,65321,HomeImp,3,1,0,153.0667831,0,22,40.15052706,1
10300,75483,99345,DebtCon,3,0,0,133.79051006,0,25,34.887236085,1
12200,136866,162906,HomeImp,4,0,0,427.92359149,0,43,30.182122904,1
19100,73217,93033,DebtCon,1,2,1,113.69456607,2,26,36.384163815,1
11900,44142,54299,HomeImp,22,0,0,123.47114722,0,22,37.154902302000004,1
17300,65136,83847,DebtCon,6,0,0,127.09997366,0,20,24.5182717,1
27600,131887,174323,DebtCon,0,0,0,243.05371295,2,24,35.271867032,1
16400,102103,133626,DebtCon,5,0,0,95.366348366,0,14,31.275182524,1
10300,58572,75946,DebtCon,5,0,0,85.010052857,2,14,27.769438937,1
35200,239987,43028,DebtCon,2,0,1,210.18900524,3,49,41.336626731,1
19900,74193,94078,HomeImp,7,0,0,81.414351704,0,15,32.033550455,1
27600,103898,130784,DebtCon,11,0,0,147.12839778,0,29,42.009813582,1
14200,73533,88924,DebtCon,21,0,0,232.35332303,10,23,36.470707024,1
26100,80176,113247,DebtCon,9,0,1,294.75203341,1,29,33.19212531,1
19700,33529,61209,DebtCon,17,0,0,112.15874119,0,18,40.725296117,1
14400,46551,68545,DebtCon,7,0,0,118.74648606,3,49,29.571263376,1
12800,79151,110583,DebtCon,4,0,0,79.371384496,1,13,33.586691632,1
18700,136790,178135,DebtCon,12,0,0,246.95441969,0,21,30.11861356,1
31200,234304,290923,DebtCon,14,0,1,260.91977587,2,26,27.057234292,1
18000,72152,102671,HomeImp,7,0,0,84.639348205,0,16,32.886875225,1
11200,23181,80140,HomeImp,21,0,0,221.4180934,0,10,25.462641527,1
8500,64665,72376,HomeImp,4,0,0,70.934880772,3,20,40.309041225,1
17700,10847,94611,HomeImp,14,0,1,271.39666705,0,22,27.283395304,1
16000,69861,87086,DebtCon,7,0,0,205.32804581,2,18,43.436334345,1
29200,50105,83815,DebtCon,21,0,0,188.20102865,0,26,35.595750669,1
10300,51787,86200,HomeImp,17,0,0,203.73276258,0,16,34.435246045,1
22000,76367,103928,DebtCon,20,0,0,202.57815197,1,13,38.717194911,1
24000,17575,50375,DebtCon,23,0,0,135.76405083,0,11,22.981005101,1
10900,51990,76918,HomeImp,0,0,1,180.81810233,0,12,29.555406533,1
14400,32683,48467,HomeImp,11,0,0,114.41203294,0,10,21.46972396,1
14300,89984,121189,HomeImp,4,0,2,137.59782329,0,25,41.613325222,1
4300,68815,79852,HomeImp,6,0,0,105.12070881,0,14,41.806376152,1
15900,38860,68912,DebtCon,9,0,0,250.92750292,1,16,22.175263227,1
13900,64356,88028,DebtCon,13,0,0,111.8099755,0,24,39.008508115,1
18500,49367,71485,DebtCon,10,0,0,175.38704889,1,42,37.772221651,1
11300,40752,53683,HomeImp,22,0,1,129.75806208,0,23,38.425881111,1
8700,93759,119459,HomeImp,24,0,0,138.09123004,1,12,38.729710894,1
18900,127269,203737,HomeImp,14,0,0,206.20003676,0,21,36.272858359,1
18100,18611,171194,HomeImp,5,0,0,313.03794532,0,26,27.199154012,1
31800,126316,180750,DebtCon,14,0,0,167.85725585,2,28,42.633437183,1
30600,54372,78653,DebtCon,0,0,0,156.41356965,3,19,40.611094331,1
37900,201996,272874,DebtCon,3,0,0,249.8265925,0,32,31.427582447,1
14200,60570,74648,DebtCon,2,0,0,137.84110526,2,35,40.289761298,1
22600,96485,120470,HomeImp,9,0,0,112.84033563,2,24,31.865916827,1
19300,72752,106084,DebtCon,11,0,0,193.7070998,1,13,30.686105632,1
12600,100590,138649,HomeImp,14,0,0,138.16470464,4,22,34.598727401,1
10200,8907,59814,HomeImp,7,2,0,364.43094738,1,22,16.064245381,1
24700,77022,112172,DebtCon,9,0,1,306.87107786,2,28,30.120041947,1
12400,115004,144760,DebtCon,2,0,0,279.5221733,1,46,35.614731425,1
31900,83226,115509,DebtCon,11,0,0,79.030115608,0,34,26.521859522,1
32400,51220,106361,DebtCon,3,0,0,172.36214796,2,24,36.489097213,1
26800,149729,183027,DebtCon,7,0,0,331.25655711,0,34,37.000883221,1
18200,53646,156048,DebtCon,20,0,0,232.29712557,0,27,20.856067533,1
22600,133264,172882,DebtCon,6,1,0,190.24756023,0,37,19.973955025,1
12800,117391,210072,HomeImp,1,0,0,136.6209694,1,14,27.124889306,1
15200,41049,50892,DebtCon,1,0,0,276.16735776,1,34,38.379833716,1
18700,47903,63933,HomeImp,3,0,0,120.41804194,1,17,32.977596653,1
10800,61767,72668,DebtCon,15,0,0,228.98545319,3,32,37.91433471,1
22400,40605,76986,DebtCon,9,0,0,276.27591395,0,19,39.730192796,1
16400,62018,91832,DebtCon,9,0,0,202.3225002,0,19,20.38046421,1
12900,83886,100782,HomeImp,5,0,0,115.07618603,1,27,27.979706434,1
20100,104183,139637,HomeImp,10,0,0,162.00418077,1,23,34.624202813,1
25300,139427,245988,HomeImp,28,0,0,366.11015141,1,18,36.27844415,1
12900,56798,71364,DebtCon,1,0,0,225.58576305,0,9,33.021284072,1
17900,110332,130756,DebtCon,2,0,1,288.65558416,1,47,41.946375198,1
15500,88929,115249,DebtCon,0,0,2,156.13091398,0,34,32.033870396,1
20600,44826,66226,DebtCon,13,0,1,120.43326243,0,22,40.911949864,1
28400,72870,95647,DebtCon,11,0,0,139.04525472,0,20,37.820678455,1
11200,66868,107794,DebtCon,10,0,0,152.92982848,1,12,39.640828981,1
25500,73083,126995,DebtCon,1,0,0,289.20089863,1,24,37.316207652,1
9800,15021,31900,DebtCon,6,0,0,276.73420174,0,11,22.291249185,1
17300,110614,137552,DebtCon,6,0,0,85.232500724,0,13,31.344365522,1
27700,35132,71456,DebtCon,13,0,0,84.874967196,5,16,35.650730315,1
16800,62557,95747,DebtCon,0,0,0,188.18900504,1,31,35.285844744,1
53000,180371,256589,DebtCon,4,0,0,240.15780198,1,33,36.477617807,1
17400,45861,61256,DebtCon,7,0,0,132.01922665,3,48,30.186567466,1
12900,70167,90812,HomeImp,25,0,0,177.0806266,2,13,40.225695665,1
24200,92572,121310,HomeImp,9,0,0,117.04550066,1,24,30.482780029,1
24700,109377,133116,DebtCon,10,1,0,184.35578292,5,17,40.202630102,1
34000,57025,103563,DebtCon,3,0,0,173.49413187,2,24,36.91389765,1
15800,51281,144202,DebtCon,1,0,0,285.9978979,4,43,41.538051097,1
19800,99137,121781,HomeImp,4,0,1,302.1278732,1,20,39.510628341,1
21400,41671,103427,HomeImp,6,0,0,122.15334415,0,15,31.614679534,1
12000,57371,69076,DebtCon,10,1,0,83.251972039,1,19,29.632108256,1
20800,77885,98188,DebtCon,4,0,0,50.293547164,7,23,38.120404705,1
18300,63351,87645,DebtCon,1,0,0,324.614647,3,15,43.90230255,1
19200,68902,98737,DebtCon,1,0,0,166.81657408,4,19,33.035075976,1
13500,89184,116848,DebtCon,13,0,0,174.50640819,1,18,36.010891518,1
42900,122372,175968,DebtCon,13,0,0,160.72975574,0,4,39.469199606,1
9800,32550,52554,DebtCon,12,0,0,229.51274114,1,32,37.923088094,1
8100,84822,123854,HomeImp,31,0,0,340.7444307,2,38,36.205114552,1
25700,103598,144594,DebtCon,19,0,0,217.94482804,0,13,41.135649383,1
15700,35873,52800,HomeImp,10,0,0,128.23591372,0,10,20.950252082,1
12200,86775,111572,DebtCon,0,1,1,138.61008049,1,33,34.351808356,1
11600,22635,33353,DebtCon,6,0,0,85.57207035,0,16,19.223872665,1
18500,65165,90805,DebtCon,2,0,0,160.73226514,0,25,25.372047645,1
30900,189798,301984,DebtCon,28,0,0,150.91736328,0,22,37.236507841,1
18700,37883,64763,HomeImp,25,0,0,236.99683653,0,13,23.621203075,1
8100,69047,82113,DebtCon,3,0,0,121.41114886,0,30,35.073918357,1
12400,26768,52411,HomeImp,0,0,0,253.31804334,0,11,38.821021323,1
31000,13542,58827,DebtCon,0,0,0,92.1329084,0,6,36.256968747,1
40300,33299,73380,DebtCon,4,0,0,184.53758909,1,18,24.374481112,1
21500,141688,184241,HomeImp,8,0,0,311.42612789,0,16,44.590155228,1
15900,58518,82095,HomeImp,10,0,2,177.24777998,0,14,28.818793116,1
50400,43635,104114,HomeImp,10,0,0,224.4829394,3,35,40.851444098,1
22500,48405,86989,DebtCon,14,0,0,94.928088498,1,9,4.029951372,1
24400,109253,158257,DebtCon,17,0,0,193.96528716,0,25,34.594492544,1
9900,82697,100689,DebtCon,3,0,0,133.36579062,0,26,33.591716314,1
14600,58229,74027,DebtCon,2,0,0,228.56035401,0,9,34.124242283,1
32300,14163,60626,DebtCon,0,0,0,109.03108797,1,6,36.501086508,1
8200,13392,34254,DebtCon,3,0,0,267.91864156,0,11,21.929990488,1
27300,72314,118839,DebtCon,5,0,0,99.693832459,1,31,42.343420263,1
28600,94165,130285,DebtCon,10,0,1,137.81333094,0,28,42.080016037,1
7100,64850,76985,HomeImp,0,0,0,108.21718977,0,7,36.337557557,1
5600,76407,77485,HomeImp,9,0,0,91.683770634,0,24,37.773350976,1
20800,58440,99244,DebtCon,1,0,4,174.95857724,0,46,37.488545687,1
9400,51505,84178,HomeImp,19,0,0,202.69796289,0,16,35.530613427,1
15400,103934,113696,DebtCon,4,0,0,265.5863519,1,34,26.750403963,1
27200,97541,126368,DebtCon,0,1,0,186.77854794,3,38,34.81068944,1
16200,25329,37433,DebtCon,21,1,0,207.15954753,2,16,32.718088027,1
15100,60264,87110,HomeImp,5,0,0,111.39938495,0,13,26.062043252,1
21000,133430,189263,DebtCon,22,0,0,229.98699803,1,23,40.564121581,1
13100,58039,68558,HomeImp,29,1,2,184.88001057,1,23,37.347348766,1
11500,44097,58336,DebtCon,0,0,0,173.31832075,0,20,38.191626025,1
51100,28312,82300,HomeImp,3,2,0,269.33597552,6,14,41.087535376,1
30500,10952,65166,DebtCon,0,0,0,91.951603506,1,6,37.692624384,1
16700,64862,107919,HomeImp,10,0,0,260.15854779,0,11,36.824339033,1
11100,75392,89976,DebtCon,9,0,0,163.70355537,1,12,39.271884779,1
8100,26886,36527,HomeImp,12,0,0,188.41982641,0,13,24.865567185,1
9900,83821,124527,HomeImp,30,0,0,319.65197133,1,37,35.769425427,1
8700,51033,58513,DebtCon,2,0,0,181.8697515,0,20,37.879278335,1
66500,64423,143341,HomeImp,9,0,0,113.98444673,0,11,39.821439755,1
13400,88810,102409,HomeImp,19,0,0,145.75659669,4,24,31.336418262,1
14400,20996,41987,DebtCon,9,0,0,120.95551442,0,10,21.11871262,1
30500,138082,181157,DebtCon,2,1,0,219.24730717,1,19,40.874698522,1
15900,101412,119751,DebtCon,9,0,0,299.95309804,2,18,30.1768704,1
21400,113053,147467,DebtCon,11,0,2,219.1538803,0,24,41.824914424,1
32500,232057,286938,DebtCon,15,0,1,249.95493327,2,26,25.254771745,1
27500,23439,47177,DebtCon,25,0,0,112.89450731,0,11,23.022894085,1
18200,78077,105522,DebtCon,0,0,0,278.44302157,2,22,38.939650897,1
25300,51261,87025,DebtCon,4,0,0,249.83618476,2,25,31.658786411,1
23500,95289,122273,HomeImp,9,0,0,118.61613434,1,23,30.447274539,1
46900,91672,158953,DebtCon,16,0,0,221.13236316,8,19,38.109227516,1
21900,105787,142466,HomeImp,8,0,0,145.37717658,0,22,32.333899345,1
12400,36034,62953,DebtCon,9,0,0,262.07934525,0,16,21.345227351,1
15500,71412,93723,DebtCon,19,0,0,238.50131586,11,24,35.965898215,1
5600,53793,66379,HomeImp,22,0,0,206.09913412,0,19,18.369540527,1
41600,365528,469694,HomeImp,3,0,0,304.98288407,3,15,43.363624328,1
13000,16913,48587,HomeImp,23,0,0,264.9921562,0,20,30.622635559,1
15800,41661,80457,DebtCon,3,0,1,137.31750781,0,8,27.434094849,1
16600,74784,100221,DebtCon,1,0,0,90.05044751,0,17,25.708393802,1
18000,88509,112933,DebtCon,4,0,0,150.80236935,1,21,23.200941214,1
17800,44326,79651,DebtCon,4,0,0,246.7969491,3,32,32.509012068,1
14900,72637,103297,DebtCon,4,2,0,83.466086341,0,20,22.553039619,1
23000,58696,102176,HomeImp,18,0,0,629.09576631,0,23,22.825607116,1
8200,76268,89166,HomeImp,23,0,0,341.8553472,1,46,29.869576644,1
20700,140776,183621,HomeImp,7,0,0,315.37439124,0,17,43.85601978,1
22400,135912,181863,HomeImp,7,0,0,316.99290614,0,17,45.006818085,1
11000,50178,64427,DebtCon,5,0,0,67.636289053,1,11,28.689928357,1
20100,72775,102308,DebtCon,8,0,0,206.47884516,2,13,32.782971421,1
29300,228059,291314,DebtCon,16,0,1,259.67720211,2,26,28.173645541,1
6700,54161,59714,HomeImp,20,0,0,209.20630035,0,20,20.203517707,1
12000,63019,74204,DebtCon,6,0,0,98.591738332,2,14,24.490438355,1
23900,90244,120751,DebtCon,3,0,0,194.98725245,1,26,35.406059646,1
14600,54040,66442,DebtCon,6,0,0,237.59925433,0,18,34.883435314,1
48900,41260,102771,HomeImp,8,0,0,192.2261774,3,35,41.218714523,1
11100,43167,60209,DebtCon,3,0,1,80.368196976,0,20,37.490798825,1
23200,131804,171144,DebtCon,6,0,0,197.76872804,0,37,19.778851787,1
25200,55283,103324,DebtCon,0,0,0,181.45136816,0,26,32.923860468,1
8500,61607,81126,HomeImp,16,0,0,222.21119026,1,35,34.729698093,1
27000,13718,35684,DebtCon,16,2,0,122.29444677,1,18,24.355759583,1
13600,55901,87519,DebtCon,13,0,1,107.9131329,0,23,36.327022401,1
8400,77144,91532,DebtCon,19,0,1,311.75718243,1,24,40.912736994,1
24000,43427,68308,DebtCon,25,0,0,302.77226199,2,31,34.871855162,1
5000,90059,113714,HomeImp,7,0,0,193.63644686,0,28,25.897316482,1
23500,190239,233603,DebtCon,3,0,0,285.33129265,0,27,39.916482966,1
12100,46152,72773,DebtCon,0,0,0,270.48998006,0,20,29.495115994,1
24400,26366,54775,DebtCon,13,0,0,101.63623493,2,24,29.095881268,1
22800,96495,122362,HomeImp,8,0,0,120.9792917,2,24,29.809835155,1
11500,64371,73636,DebtCon,2,0,0,162.11625392,1,35,39.791198955,1
28600,136546,185507,DebtCon,0,0,0,212.31409848,3,19,40.516801315,1
18000,54196,71412,DebtCon,10,0,0,189.87427039,1,42,37.352105103,1
27100,20479,46735,DebtCon,24,0,0,103.81628973,0,10,24.258677221,1
13400,66737,71117,DebtCon,0,0,0,163.13185891,2,34,40.943866269,1
14300,70322,88626,DebtCon,3,0,0,244.83986415,2,26,32.647541118,1
13700,74015,113766,DebtCon,7,0,0,75.892415281,2,14,36.395366326,1
21500,129361,284790,HomeImp,3,0,0,199.21959548,0,15,30.406259432,1
31800,125864,175163,DebtCon,12,0,0,174.20934404,2,28,40.584811501,1
12700,58293,82594,DebtCon,13,0,0,105.05041496,0,23,36.700445544,1
28500,84908,108385,DebtCon,10,0,0,384.28504689,0,45,41.342010942,1
10400,57816,82047,HomeImp,3,0,1,176.65689456,0,12,30.674205288,1
14700,106417,123580,HomeImp,9,0,0,166.49606529,3,31,29.316710061,1
12100,56335,86648,HomeImp,17,0,0,206.24709466,0,17,35.127874351,1
33900,13154,62208,DebtCon,1,0,0,111.98065696,1,5,37.466977302,1
29500,48590,81354,DebtCon,0,0,0,157.02632626,3,18,40.170618286,1
18000,74162,89823,DebtCon,0,2,1,121.76146583,1,26,34.025207507,1
24400,119111,154860,DebtCon,3,0,0,296.93039006,0,25,38.493132607,1
13900,85358,101401,DebtCon,0,0,0,145.79410614,0,22,40.114411439,1
18100,112832,182418,DebtCon,8,0,0,230.07213106,3,23,40.298698909,1
11500,53151,71645,HomeImp,7,0,0,135.80047603,0,16,35.851614414,1
10800,13365,66979,HomeImp,9,2,1,346.9796514,1,22,16.48162968,1
17000,60483,85015,HomeImp,4,0,0,116.52526509,0,12,27.29874318,1
13700,32942,40143,HomeImp,8,0,0,65.000742252,2,12,30.268368849,1
14800,48910,70039,DebtCon,8,0,1,94.971595989,3,48,30.920501687,1
18500,81938,106187,DebtCon,2,0,0,282.90060926,1,21,40.038841103,1
23500,90129,141785,DebtCon,23,1,0,158.99682446,0,25,40.331950332,1
19400,39928,106271,HomeImp,6,0,0,129.17827724,0,14,31.922154922,1
89000,54576,92937,DebtCon,16,0,0,208.69206982,0,15,35.859970681,1
10600,83217,101359,DebtCon,1,0,0,54.746622005,2,24,40.76038718,1
9900,74009,108371,DebtCon,1,0,0,246.09476485,0,36,17.257117147,1
16900,102108,117650,DebtCon,9,0,0,279.11258466,1,19,29.645177293,1
24700,23231,54024,DebtCon,24,0,0,118.15409152,0,11,23.265224918,1
22300,93305,143672,DebtCon,21,0,0,176.4166175,0,25,40.471092138,1
15200,49428,62696,DebtCon,27,0,0,265.39531284,1,16,38.500796453,1
17300,91132,110440,DebtCon,10,0,0,147.55332445,2,19,36.427218736,1
15100,81461,93548,DebtCon,2,0,0,160.1036,0,22,41.007363531,1
29400,119256,160683,DebtCon,6,0,0,109.12119697,3,27,33.301762888,1
9000,53177,56782,HomeImp,9,0,0,106.50053701,3,33,40.084175502,1
16500,51758,138693,DebtCon,2,0,0,283.06984094,5,43,39.716770715,1
11000,63314,69285,DebtCon,15,0,0,244.01777452,3,32,36.542570221,1
17100,74922,91187,DebtCon,0,0,0,80.582655587,0,16,26.767768842,1
27600,72468,106906,DebtCon,12,0,0,288.84955151,1,32,38.984013009,1
64900,69786,148769,HomeImp,10,0,0,129.08447886,0,11,43.519942711,1
12800,73624,103213,DebtCon,10,0,0,201.65084421,0,20,19.557272829,1
15300,101311,113253,DebtCon,0,0,0,140.07577118,1,21,40.667462294,1
30600,78355,124426,DebtCon,11,0,0,81.223397569,1,34,25.942577765,1
19200,83591,109772,HomeImp,4,0,0,101.49881202,1,25,37.077041528,1
15700,64793,99157,HomeImp,22,0,0,244.73167355,1,23,38.328188879,1
19700,105135,147353,DebtCon,11,0,2,225.69612759,0,24,43.009650533,1
40700,371003,467818,HomeImp,1,0,0,316.60444181,3,14,41.723899221,1
16900,88143,115365,DebtCon,19,0,0,282.06851776,0,16,24.962851371,1
20400,132443,204082,HomeImp,13,0,0,187.01869159,0,22,36.821887439,1
23000,71902,101750,HomeImp,5,0,0,214.38925238,0,13,29.045964061,1
31200,15557,62847,DebtCon,0,0,0,99.560441868,1,6,37.394118746,1
8500,58327,75044,HomeImp,2,0,2,123.36535633,0,22,28.111813831,1
60000,122729,207797,DebtCon,9,0,0,313.33439671,2,27,35.028577921,1
30200,106594,148695,DebtCon,13,0,0,239.91840501,1,39,41.275208993,1
8000,58006,94930,HomeImp,4,0,0,223.20298954,2,24,30.913395837,1
11000,43614,60831,DebtCon,3,0,2,84.444746145,0,20,36.673648152,1
11300,77846,101984,HomeImp,5,0,0,112.38484554,1,27,28.298733642,1
15800,61073,90897,DebtCon,8,0,0,208.50075586,0,20,23.035745844,1
10900,56793,68825,DebtCon,3,0,0,225.88904146,0,9,34.727875189,1
23800,46884,68142,DebtCon,8,0,0,59.405775058,1,18,35.696636225,1
8700,62400,81315,DebtCon,6,0,0,98.028870439,2,14,26.620897734,1
13700,81378,108628,HomeImp,12,0,2,181.72253428,0,27,32.652022631,1
64200,64888,145725,HomeImp,10,0,1,136.94781122,0,11,40.531823103,1
33700,26395,48905,DebtCon,6,0,0,48.710053215,0,7,36.42433271,1
18000,50409,78404,DebtCon,9,0,0,191.28207894,0,42,39.483023972,1
12400,80510,97548,HomeImp,1,0,0,74.404263327,1,19,36.457349926,1
23400,45766,66192,DebtCon,26,0,0,284.78157228,2,32,35.936794804,1
17800,61494,85864,DebtCon,2,0,0,303.83765082,3,15,40.246312084,1
9500,59494,75930,HomeImp,0,0,0,98.99850784,0,6,36.888436373,1
20300,59809,107994,DebtCon,15,0,3,263.99129317,0,36,26.50856379,1
42300,367089,469771,HomeImp,3,0,0,310.05152353,4,14,42.603640874,1
10700,50210,64838,HomeImp,9,0,0,95.039168276,2,34,40.396233444,1
26200,149599,181869,DebtCon,1,0,0,204.02898979,0,35,39.800879561,1
62900,119903,201928,DebtCon,9,0,0,297.30748082,1,25,37.636502449,1
7800,53243,95065,HomeImp,7,0,0,220.80244426,2,24,31.827626823,1
24800,144410,211936,HomeImp,3,0,0,195.07035954,1,28,38.926156879,1
17000,10866,171952,HomeImp,24,0,0,79.991975497,2,21,29.846958737,1
20900,127077,204192,HomeImp,13,0,0,181.65088033,0,22,34.589581433,1
17200,55254,118718,DebtCon,15,0,0,276.91108293,0,20,26.696158705,1
8500,50569,60940,DebtCon,6,0,0,189.94689772,0,22,29.202476735,1
9700,21883,67432,HomeImp,24,0,0,308.99557574,1,12,41.414280651,1
12600,55415,74307,HomeImp,29,1,2,198.8467209,0,23,36.837741045,1
13900,62968,84947,DebtCon,13,0,0,239.77323213,3,37,42.236189141,1
19800,65021,95188,DebtCon,1,0,0,73.081337497,0,16,27.442542523,1
38100,204071,270794,DebtCon,3,0,0,230.39857646,0,32,31.369739388,1
17700,50886,106673,HomeImp,2,0,2,57.090659606,1,10,40.85911311,1
47000,42437,109553,HomeImp,10,0,0,206.71407561,2,35,40.142521056,1
14600,28050,49244,HomeImp,9,0,0,122.11663939,1,9,20.82876656,1
32200,16232,60238,DebtCon,0,0,0,116.72974546,1,5,37.999081526,1
18900,34583,59247,DebtCon,15,0,0,89.340627109,0,17,39.990188361,1
15800,78905,97628,DebtCon,0,0,0,152.17113748,0,23,42.218282221,1
12000,63589,75959,HomeImp,14,1,0,253.61692796,1,31,43.15970058,1
12500,53354,79893,HomeImp,10,2,0,249.43595428,1,29,35.020885785,1
20600,16779,56481,DebtCon,24,0,1,228.05700238,0,24,27.176647716,1
14100,86996,108452,HomeImp,19,0,0,134.99325176,4,24,29.778946076,1
20400,68928,98587,HomeImp,13,0,0,153.57813544,0,13,36.176091839,1
26900,69446,104590,DebtCon,11,0,0,287.27599243,1,32,41.499060427,1
13700,58788,87260,DebtCon,14,0,0,103.69281836,0,24,36.665318539,1
23100,95352,115077,DebtCon,24,0,0,253.32937133,0,26,39.816800565,1
17400,49765,66782,DebtCon,27,0,0,272.59048247,1,16,39.383064504,1
17600,48487,65665,DebtCon,6,0,0,100.17400375,2,15,43.769684913,1
27000,144901,178093,DebtCon,7,0,0,331.1139721,0,34,40.566551898,1
9800,54564,62109,DebtCon,10,0,0,124.02162504,0,19,32.565686372,1
18100,27239,39723,DebtCon,17,0,0,111.53221405,1,16,24.449452808,1
22200,93947,116176,DebtCon,2,0,0,205.02940851,2,26,34.93940311,1
2900,104373,120702,HomeImp,2,0,0,101.54029753,0,13,29.915859028,1
19300,99714,126965,HomeImp,0,0,1,301.75357401,1,20,43.290941693,1
38900,198749,270751,DebtCon,4,0,0,245.89544438,0,32,29.622368686,1
20700,107766,146937,DebtCon,12,0,2,223.13789747,0,24,42.547274756,1
10300,82889,97189,DebtCon,2,0,0,82.507446213,2,24,39.53698719,1
11400,125486,195284,HomeImp,0,0,0,354.29028718,0,15,38.143068786,1
13700,70763,78449,DebtCon,12,0,0,271.65672425,5,36,40.561983645,1
31600,15036,44220,DebtCon,28,0,0,204.70091689,0,14,42.618223461,1
8200,67489,80145,HomeImp,2,0,0,104.39650664,0,7,36.912310875,1
42600,22446,66485,DebtCon,17,0,0,204.20363317,0,30,41.156275936,1
21500,94310,142986,DebtCon,22,1,0,170.20499962,0,25,39.566646239,1
22400,52597,69312,DebtCon,2,0,0,224.24133068,0,12,33.82410789,1
17300,48132,78889,DebtCon,4,0,0,133.16768546,0,8,28.298227056,1
26200,141109,245422,HomeImp,28,0,0,343.78712232,1,18,38.113555937,1
8300,101150,115215,HomeImp,23,0,0,130.25632943,0,12,36.50599948,1
17600,62198,101183,HomeImp,21,0,0,230.7167135,1,23,39.139756562,1
6300,58052,70091,DebtCon,9,0,4,153.78043854,1,30,21.719595981,1
10000,48769,65328,DebtCon,4,0,1,104.69524068,3,12,39.049359218,1
11200,153103,181849,HomeImp,6,0,0,186.249507,0,55,33.995565356,1
18100,71814,89941,DebtCon,10,0,0,83.167810785,3,11,32.285405494,1
27200,61000,104044,DebtCon,16,0,1,141.98123448,0,30,39.546507583,1
11500,22758,36922,DebtCon,7,0,1,103.04811711,0,16,19.020168304,1
47900,95377,157273,DebtCon,16,0,0,236.30265954,8,18,39.103045244,1
26600,140561,208775,HomeImp,5,0,0,197.52410245,1,27,36.878389116,1
11300,61810,79817,DebtCon,6,0,0,98.224144195,1,14,25.52507894,1
5500,87765,101053,DebtCon,22,0,0,55.558049044,2,13,31.375542416,1
10600,39061,50225,DebtCon,15,0,0,77.114285108,0,12,32.587465652,1
17400,55575,78661,DebtCon,17,1,0,198.98960053,1,20,38.991431366,1
8700,60237,69891,DebtCon,3,0,0,321.2748292,0,9,32.280313622,1
22400,89985,121601,HomeImp,11,0,0,111.98242007,2,24,30.991174103,1
25600,76102,119391,DebtCon,5,0,0,87.625382168,1,32,40.929954323,1
13000,110097,210595,HomeImp,3,0,0,122.63869991,0,15,29.327513673,1
69000,197587,295551,DebtCon,10,0,0,211.77639117,3,24,30.356856518,1
21900,53598,74780,DebtCon,10,0,1,191.55190932,1,42,40.49010197,1
9000,41153,51841,DebtCon,10,0,0,210.28268954,0,23,32.424293056,1
19100,105111,176829,DebtCon,6,0,0,211.40033751000001,4,24,41.413123846,1
13900,65437,94518,DebtCon,10,0,0,182.40075506,0,19,21.296075321,1
12500,79900,94660,DebtCon,19,0,0,252.34969818,10,24,35.800492028,1
26500,84769,127773,DebtCon,2,0,0,190.86047721,2,25,42.031639133,1
26400,153853,188760,HomeImp,2,0,0,172.57083327,0,17,43.35819405,1
34300,118911,168901,DebtCon,16,0,0,134.73402354,0,17,28.817515455,1
8800,51740,60852,DebtCon,23,0,0,277.58958861,3,29,39.885483806,1
26100,103949,208432,DebtCon,23,0,0,202.59264703,0,18,23.290234477,1
10700,56197,79272,HomeImp,18,0,0,218.98166217,1,16,34.015359605,1
21300,56729,114643,DebtCon,14,0,3,276.17016698,1,36,25.830883226,1
7700,32243,36369,HomeImp,12,0,0,180.41578673,0,13,21.72081838,1
8200,10909,37286,DebtCon,3,0,0,268.25460165,0,12,22.232952814,1
12800,100241,113073,DebtCon,17,0,1,197.27367923,1,15,39.467588446,1
13200,81654,114333,DebtCon,5,0,0,97.962961658,1,13,33.743367654,1
43200,367917,466755,HomeImp,3,0,0,312.30633923,4,15,42.62357404,1
26300,58369,88124,DebtCon,7,0,0,234.22154725,1,20,37.158294824,1
28000,59775,87390,DebtCon,8,0,0,138.48647658,3,30,41.543804711,1
6700,51855,58084,HomeImp,21,0,0,193.75474567,0,19,19.549571698,1
12300,68024,78800,DebtCon,7,0,0,125.50405141,0,35,29.293344354,1
22700,108488,139559,HomeImp,11,0,0,190.9727785,0,23,34.080016231,1
18200,68743,92112,DebtCon,0,0,0,95.34376502,0,16,26.692666627,1
14800,60573,93187,DebtCon,0,0,0,30.009474259,2,3,39.080207117,1
20000,9647,31920,DebtCon,0,1,0,24.686231454,1,3,28.94036033,1
11000,89275,108653,DebtCon,15,0,0,206.90348089,2,15,37.743047077,1
29200,139299,180818,DebtCon,1,0,0,226.86114488,1,19,40.817309246,1
13800,31974,44417,HomeImp,7,0,0,76.933122961,1,12,30.422429425,1
5600,29648,39907,HomeImp,11,0,0,180.56306914,0,13,21.554949656,1
8200,64006,80409,HomeImp,15,0,0,235.36324945,0,36,35.636720346,1
15200,137128,184660,DebtCon,11,0,0,254.35602009,0,21,28.815035637,1
11100,82849,113913,HomeImp,10,0,1,167.36102992,0,27,35.763333479,1
28000,140770,209726,HomeImp,5,0,0,190.32952199,0,27,38.886605965,1
29000,32109,49912,DebtCon,34,0,0,278.56500343,1,23,39.796560762,1
4200,56544,59218,HomeImp,19,0,0,211.00259912,1,20,19.027704425,1
18400,89101,118748,DebtCon,7,0,0,153.84976303,2,21,21.76282696,1
46200,117227,174882,DebtCon,12,0,0,195.64118682,0,5,40.621619276,1
12100,48149,74539,DebtCon,17,0,0,200.03256163,0,15,23.130971888,1
11800,118053,125325,DebtCon,5,0,0,181.17206513,0,18,33.200397325,1
15700,135886,181894,DebtCon,10,0,0,247.96506535,0,21,30.326398916,1
12500,57294,66615,DebtCon,3,0,1,321.38758675,0,9,31.380899093,1
22500,75010,114769,DebtCon,9,0,1,294.29716609,1,28,30.611051161,1
12300,35651,59795,HomeImp,22,0,0,118.65306415,0,23,40.662981652,1
12600,37699,59874,HomeImp,22,0,0,114.23595157,0,23,38.682676037,1
11300,62168,80681,DebtCon,6,0,0,117.3762292,0,34,27.694521271,1
17800,38770,64357,DebtCon,17,0,0,282.9357846,0,21,27.97949547,1
3600,100693,114743,HomeImp,6,0,0,88.470452135,0,14,29.393543382,1
10400,64904,76767,DebtCon,11,0,0,245.01801188,4,37,41.423844135,1
20600,91180,98088,DebtCon,2,1,0,125.67684987,0,20,36.537400531,1
17300,99064,156306,HomeImp,4,0,0,90.449522446,0,16,35.750060441,1
20800,46434,68490,DebtCon,6,0,0,171.28347285,2,26,35.999296466,1
10600,50662,62491,DebtCon,0,0,0,197.70926699,1,13,26.251888349,1
21300,72450,88622,DebtCon,3,0,0,117.21012608,1,29,32.66110554,1
32800,189564,296728,DebtCon,27,0,0,155.53689674,0,23,38.05331686,1
11200,56842,66710,HomeImp,6,0,0,144.79522043,0,17,33.8858765,1
12900,55673,64582,DebtCon,4,0,0,163.41663166,0,14,26.987437342,1
8000,61565,87624,DebtCon,14,0,0,203.9971364,0,17,23.562565007,1
19000,172108,195892,DebtCon,10,0,0,276.76334062,0,38,24.475689897,1
12600,49986,67896,DebtCon,3,0,0,190.1599072,1,17,29.266317175,1
13800,85969,101664,HomeImp,0,0,0,68.583689736,0,19,36.839422636,1
8000,47154,65458,DebtCon,2,0,0,99.993789825,3,12,38.873711304,1
15900,94108,113888,HomeImp,2,0,0,140.51005382,0,21,36.318788182,1
17200,48999,76544,DebtCon,5,0,0,240.52274651,3,31,32.841753914,1
8700,77377,97070,DebtCon,3,0,0,68.854877174,2,24,38.217725784,1
5100,72891,80691,HomeImp,1,1,0,273.88170516,0,6,39.852146515,1
20400,60393,98247,DebtCon,3,0,0,149.57119967,0,22,34.342249385,1
21200,67272,107667,HomeImp,5,0,0,224.12044079,0,12,30.510532094,1
15200,47453,73068,DebtCon,20,0,0,196.69969558,0,16,22.383856558,1
14300,85631,100000,HomeImp,20,0,0,144.99929699,3,23,30.130636379,1
23900,140328,183533,HomeImp,8,0,0,322.78811436,0,17,45.413177555,1
15900,68304,92271,DebtCon,1,1,2,113.22840343,2,25,32.881846931,1
28000,96015,127551,DebtCon,0,1,0,196.52348814,3,37,34.871643115,1
12000,79844,98139,HomeImp,8,0,0,156.95475827,0,34,31.700124322,1
25600,144616,211230,HomeImp,7,0,0,199.09130807,0,27,39.002928326,1
16200,76211,104348,DebtCon,0,0,0,141.04682436,1,18,33.334411917,1
13000,15374,59309,HomeImp,6,2,0,355.13122911,1,21,15.823615554,1
22000,36738,100040,HomeImp,6,0,0,138.94245756,0,14,30.78315421,1
14300,52608,76936,DebtCon,0,0,0,217.27719188,0,9,34.095384038,1
20000,22036,51068,DebtCon,25,0,2,210.71986666,0,25,29.16004451,1
15700,75764,97122,DebtCon,5,2,0,70.72519735,0,21,24.431789613,1
36400,204419,268745,DebtCon,4,0,0,267.92092198,0,31,32.747593119,1
8400,57694,70782,HomeImp,4,0,0,125.71032467,0,34,37.622785545,1
15200,5076,66536,DebtCon,2,0,0,323.10200419,0,5,40.252928754,1
18800,110098,120662,DebtCon,0,0,0,122.16982106,1,21,39.322315408,1
21300,68544,89908,DebtCon,3,0,0,101.77402013,2,30,32.825450581,1
10200,77571,102732,HomeImp,6,0,0,100.62966346,0,34,37.361513569,1
10200,86400,113698,HomeImp,11,0,1,181.54292704,0,27,35.031650879,1
26100,20566,50534,DebtCon,24,0,0,140.5532102,1,10,24.098266761,1
23700,18825,55549,DebtCon,26,0,1,203.8609299,0,25,26.629077387,1
22900,107241,138883,DebtCon,9,1,0,201.7857441,5,18,41.140752079,1
25100,137489,168216,DebtCon,7,1,0,211.20898093,1,20,34.767948845,1
17400,11147,166496,HomeImp,23,0,0,73.467517761,1,19,29.531664151,1
87500,55938,86794,DebtCon,15,0,0,223.88104,0,16,36.753652674,1
15800,20665,43790,DebtCon,8,0,0,108.41393655,0,11,22.826892443,1
7700,70451,81862,DebtCon,3,0,0,141.26867109,0,31,31.68194302,1
15600,102572,112721,DebtCon,3,0,1,271.27079103,0,33,29.634414887,1
20700,32817,101720,HomeImp,5,0,0,132.94093789,0,15,31.606217408,1
8000,70546,81272,DebtCon,4,0,0,119.06692204,0,31,33.361586301,1
70500,196690,288512,DebtCon,9,0,0,227.02713568,2,24,29.582300922,1
16800,57329,83695,DebtCon,3,0,0,294.99970155,2,16,40.625052691,1
12800,206527,227737,HomeImp,11,0,0,225.20132562,0,22,31.12184071,1
19500,92663,152627,HomeImp,3,0,0,106.7126279,0,16,35.367656803,1
10600,43676,61576,DebtCon,6,0,0,84.839126053,1,10,30.868137501,1
22900,136032,180899,DebtCon,21,0,0,240.34747113,0,24,41.596747473,1
15300,33113,57991,DebtCon,4,0,0,122.5788363,1,16,40.569888421,1
23100,93805,135780,HomeImp,5,0,0,155.02538165,0,31,34.644921651,1
14500,52440,62150,DebtCon,4,0,0,174.67690038,0,13,27.191720909,1
16600,102543,119493,DebtCon,3,0,0,276.69318517,0,33,29.284071859,1
11200,29348,87351,HomeImp,20,0,0,224.39489458,0,11,26.129627304,1
11000,77929,102942,HomeImp,8,0,0,173.8298837,0,34,33.897772554,1
24400,95843,123377,DebtCon,2,0,0,201.97675616,1,26,32.903468132,1
13600,66754,80156,DebtCon,5,0,0,238.62182004,3,26,31.552706969,1
11400,50166,61395,DebtCon,1,0,0,188.88668235,1,12,26.950451284,1
23400,97865,120172,DebtCon,2,0,0,200.57575228,1,26,36.398728722,1
34300,146171,196270,DebtCon,19,0,0,195.55580104,1,21,37.949593407,1
6800,138691,160063,HomeImp,12,0,0,208.42084303,0,19,19.33336736,1
5800,75000,90543,DebtCon,18,0,0,300.4872058,1,23,38.940575356,1
22000,61251,91744,DebtCon,0,0,0,145.48915532,0,21,34.347908749,1
22200,57458,102195,HomeImp,18,0,0,628.15806161,1,24,20.496216103,1
18600,47199,70134,DebtCon,8,0,0,86.558860141,3,15,43.507938545,1
26200,77952,113285,DebtCon,5,0,0,90.016091544,1,31,39.39066028,1
30400,40386,68120,DebtCon,12,1,0,98.820153684,5,15,34.020257191,1
14400,46955,67304,DebtCon,2,0,0,171.6224654,0,13,36.555188948,1
15200,34854,63519,DebtCon,6,0,0,275.47969762,0,15,20.785145567,1
11400,59813,72873,DebtCon,13,0,0,234.33024049,4,31,39.351470851,1
21500,107799,160526,DebtCon,16,0,0,195.48568002,0,25,32.378768136,1
62700,120598,207803,DebtCon,9,0,0,304.31461506,2,26,36.436251812,1
21500,100727,146904,HomeImp,11,0,0,153.22388819,1,23,34.965962753,1
8400,35240,54314,DebtCon,8,0,0,210.58001479,1,22,32.571867291,1
23000,76561,111389,DebtCon,8,0,1,301.23291075,2,28,30.346706109,1
16100,72942,99544,DebtCon,5,2,0,54.945678873,1,20,23.282933392,1
17000,70085,81598,DebtCon,7,0,0,117.19539923,1,20,21.981835715,1
11600,96882,118914,DebtCon,13,0,0,176.22191092,2,17,34.757740199,1
9800,62826,65912,HomeImp,6,0,0,132.75248959,0,34,37.588199542,1
24900,139241,171296,DebtCon,6,1,0,220.68715833,0,19,35.591655668,1
31300,106960,144201,DebtCon,15,0,0,230.41303519,0,40,42.666659574,1
11500,70409,89099,DebtCon,9,0,0,169.40165199,0,11,40.174430056,1
12600,45633,77578,DebtCon,19,0,0,209.72551959,0,15,23.915614881,1
14200,83231,99400,HomeImp,6,0,0,130.16751478,1,26,27.172964706,1
21700,72180,93427,DebtCon,2,0,0,115.52948936,1,29,33.45667038,1
12800,48437,65311,DebtCon,0,1,0,260.55523624,0,21,29.516289851,1
8700,46489,63573,DebtCon,4,0,0,196.24907,1,21,28.787922854,1
5800,79296,86885,DebtCon,19,0,1,307.9748816,1,23,39.959108765,1
15200,47200,74510,DebtCon,17,0,0,174.5215618,0,23,41.863376119,1
13500,68262,93841,HomeImp,26,0,0,159.61701999,1,14,40.752980373,1
12900,92734,114285,HomeImp,11,0,0,236.05277279,0,24,28.663416808,1
9400,109991,125146,DebtCon,7,0,1,171.67981114,0,18,34.813468594,1
15800,103537,111139,DebtCon,3,0,1,252.26775758,1,34,27.674063965,1
11000,88252,112567,DebtCon,11,0,0,224.71557646,2,15,39.526852362,1
16700,86076,130341,DebtCon,12,0,0,295.95433961,0,18,28.447992405,1
15900,19639,171350,HomeImp,8,0,0,311.31036041,0,26,26.876729861,1
13700,59530,81068,DebtCon,0,0,0,108.01914173,3,10,37.846648093,1
29400,39354,75553,DebtCon,13,1,0,77.342597043,6,15,35.110448893,1
25300,122933,157009,DebtCon,3,0,0,280.57384454,0,24,38.740801417,1
26200,75096,120859,DebtCon,4,0,0,107.17711768,2,31,38.552978748,1
14400,78965,90729,DebtCon,4,0,0,132.6602719,2,26,39.686959105,1
26400,240907,260638,HomeImp,7,1,0,255.41551402,3,51,37.652919106,1
27600,60039,86166,DebtCon,0,0,0,100.94932169,0,23,33.820934036,1
16000,71861,95315,HomeImp,24,0,0,241.41251498,1,23,35.474773102,1
16400,65898,85424,HomeImp,10,0,1,173.53321041,0,14,26.931994858,1
18300,90337,103864,HomeImp,3,0,0,118.53458669,0,25,39.720488984,1
6100,91704,114799,HomeImp,22,0,0,129.25008957,1,12,36.746766237,1
22400,91402,100845,DebtCon,2,1,0,132.21662181,0,20,35.682471229,1
30000,15214,38094,DebtCon,26,0,0,199.46979091,0,15,39.549873804,1
12500,77792,100812,DebtCon,10,2,0,182.9569956,1,29,27.385873237,1
9400,57105,67061,HomeImp,6,0,0,129.50848379,0,34,35.734592764,1
6600,68733,81973,HomeImp,5,0,0,96.977667199,0,14,42.211046784,1
8700,58060,65605,DebtCon,23,0,0,259.6838134,3,29,39.829999465,1
23100,64601,100170,DebtCon,2,0,0,156.67537504,0,21,34.000236065,1
15600,83758,106992,HomeImp,3,0,0,127.66581767,1,24,39.014519389,1
18900,87657,117577,DebtCon,9,0,0,142.46649495,2,19,39.96618165,1
9800,136154,203815,DebtCon,1,0,0,70.853327642,2,23,35.8789883,1
10200,16322,86505,DebtCon,8,0,0,259.16381964,0,14,21.253498139,1
28100,100420,207737,DebtCon,22,0,0,197.19812185,0,19,26.372548724,1
28300,126942,166797,DebtCon,0,0,0,244.72228465,1,23,33.394853996,1
26700,129559,170042,DebtCon,1,0,0,232.64617336,1,24,34.117532893,1
17700,71399,96588,HomeImp,7,0,0,83.59853183,0,16,33.626585668,1
15000,46867,67529,DebtCon,7,0,0,133.78758095,3,48,31.486460831,1
15200,90108,118941,HomeImp,2,0,2,170.93894263,0,25,41.157501063,1
11100,53232,86703,HomeImp,16,0,0,183.20620747,0,29,26.87488997,1
25100,65633,100776,DebtCon,15,0,1,141.93813032,0,29,40.62020969,1
12900,50636,57838,DebtCon,0,1,0,187.82532332,1,13,28.813470941,1
16100,107758,124610,DebtCon,0,0,0,129.17889813,0,29,34.2115674,1
25700,43881,69954,DebtCon,10,0,0,126.47306563,0,20,40.769061823,1
26400,59288,87753,DebtCon,8,1,1,145.88249239,3,29,38.972486705,1
14700,90662,111778,DebtCon,1,1,1,148.42324633,0,33,31.770101546,1
11800,52104,61618,DebtCon,0,0,0,160.74993141,0,21,37.129512042,1
47100,48062,107824,HomeImp,9,0,0,203.68669838,2,35,41.526317397,1
18300,73510,95132,DebtCon,0,0,0,86.684295749,0,17,25.244046294,1
18700,65458,84639,DebtCon,0,1,2,97.146544029,2,25,33.690687903,1
25700,32039,54499,DebtCon,15,0,0,114.8074121,2,24,31.142957048,1
33700,83471,133221,DebtCon,29,0,0,334.58120661,0,19,39.095566258,1
13200,155478,183646,HomeImp,5,0,0,196.24137089,1,55,35.602875363,1
11600,64143,78851,DebtCon,6,0,3,201.36992202,3,29,35.795804943,1
8500,79484,87893,DebtCon,1,0,0,123.61880309,1,10,35.759083852,1
26200,189252,241754,DebtCon,9,0,0,97.314887744,2,25,40.312697726,1
14300,19111,49794,HomeImp,23,0,0,262.30674029,0,19,30.933678393,1
19200,96401,115545,DebtCon,7,0,0,128.71451378,1,20,22.187289994,1
14100,79345,135554,DebtCon,15,0,0,301.56399129,0,19,29.17813328,1
17600,61093,97551,DebtCon,0,0,0,75.060829426,0,22,35.562993202,1
18900,52640,113391,DebtCon,16,0,0,257.52379662,0,19,27.792323705,1
28200,58232,97555,DebtCon,17,0,1,130.45076488,0,29,38.092730303,1
18800,7739,65181,DebtCon,0,0,0,315.23089754,0,6,37.983557776,1
12700,29471,48362,HomeImp,9,0,0,79.902871414,0,4,36.020607901,1
27000,23160,58074,DebtCon,36,0,0,275.84323074,1,24,40.133220412,1
12000,98428,114820,DebtCon,16,0,1,188.14820819,2,15,36.737721285,1
18300,67550,95440,DebtCon,3,0,0,154.15011358,0,25,22.854999265,1
20200,51588,121752,DebtCon,14,0,0,253.24896672,0,20,26.43068063,1
25400,61907,87133,DebtCon,0,0,1,81.49211941,0,22,34.36469831,1
5500,87438,116679,HomeImp,6,0,0,186.42441602,1,27,28.417530896,1
21800,41582,71574,DebtCon,25,0,0,308.73705314,2,32,34.369367561,1
8100,28187,32584,DebtCon,0,1,0,27.048834712,10,7,29.287956831,1
10800,125732,184667,DebtCon,7,0,0,212.22346879,0,19,33.920789966,1
59700,39253,69299,DebtCon,2,0,0,110.87622902,0,21,29.319500536,1
11300,64437,79857,DebtCon,5,0,0,88.789155967,2,14,27.899267889,1
5100,66834,87361,HomeImp,0,2,0,290.03410799,0,6,38.766985071,1
19200,24430,128837,DebtCon,9,0,0,355.79841245,1,10,41.147749222,1
28500,100145,130522,DebtCon,10,0,0,137.94286922,0,29,39.072589176,1
16500,94920,118156,DebtCon,9,0,0,295.28552348,2,18,32.171631931,1
37200,205922,267238,DebtCon,2,1,0,238.21147988,0,32,31.622843542,1
26000,107291,137426,DebtCon,9,2,0,191.57344003,4,18,40.767401412,1
16800,73280,103067,DebtCon,1,0,0,140.36213401,0,17,34.002295373,1
30300,36014,76525,DebtCon,14,0,0,88.934468851,5,16,34.9372716,1
19800,51454,68073,HomeImp,1,0,0,130.97479082,0,17,32.304944123,1
28300,145931,239990,HomeImp,27,0,0,357.23095382,0,19,38.268469992,1
28200,148455,191419,HomeImp,1,0,0,186.98304288,0,17,39.563303075,1
12900,151991,179521,HomeImp,6,0,0,186.8053299,0,55,34.19175206,1
8900,58839,81223,DebtCon,4,0,0,102.24646959,2,15,26.206409952,1
12800,58592,87002,DebtCon,13,0,0,139.53084276,0,24,37.531077087,1
15700,16804,34294,DebtCon,9,0,0,131.77342323,0,10,23.979702773,1
8100,78977,91995,DebtCon,19,0,0,296.74709479,1,23,38.820940293,1
47700,93909,154158,DebtCon,14,0,0,227.2282602,8,19,41.338124724,1
16100,94089,159427,HomeImp,6,0,0,101.96046007,0,16,35.994979529,1
33900,128884,172094,DebtCon,12,1,0,166.62473824,1,27,42.318899224,1
28100,86778,110851,DebtCon,9,0,0,398.4023372,0,44,41.04058878,1
12300,90006,121122,DebtCon,9,0,0,133.49754075,1,21,36.91048167,1
17100,91502,113251,DebtCon,18,0,0,289.95440059,0,16,24.458320606,1
22700,128020,164199,DebtCon,7,0,0,175.88480789,0,37,21.232357898,1
18800,70102,99841,HomeImp,10,0,0,68.168572872,0,16,32.853794362,1
11800,65012,91614,HomeImp,26,0,0,171.88954687,2,13,42.488517052,1
9400,103973,119817,DebtCon,18,0,2,182.6166394,2,16,37.337977192,1
25100,46614,69750,DebtCon,17,0,0,193.25257944,1,22,33.715351649,1
17600,62996,86817,HomeImp,12,0,1,152.78264779,0,14,29.203654576,1
9300,46466,57182,DebtCon,2,0,0,100.05186621,0,20,38.444317985,1
14900,101179,117405,HomeImp,2,0,0,133.93050973,1,22,35.547407219,1
14800,16448,38774,DebtCon,7,0,0,91.005539849,0,16,19.240351261,1
26500,240782,267675,HomeImp,6,0,0,229.30702576,1,50,37.740918996,1
18500,57174,91772,HomeImp,4,0,0,129.66321658,0,13,28.904478844,1
11000,85758,108661,HomeImp,11,0,0,255.28741537,0,24,29.434867143,1
11300,114392,214523,HomeImp,2,0,0,132.09765987,1,15,26.251830338,1
17000,27088,166437,HomeImp,7,0,0,306.67417105,0,27,26.156717881,1
23900,80406,108122,DebtCon,17,0,0,211.92327535,0,13,41.494839796,1
37000,34085,70596,DebtCon,3,0,0,195.36338382,2,18,25.59242395,1
27300,97373,126102,DebtCon,10,0,1,139.13259829,0,28,39.173553951,1
14200,102512,128657,HomeImp,8,0,0,178.33902633,3,32,27.541140882,1
36000,204292,268436,DebtCon,3,0,0,243.29543026,0,31,30.938977447,1
7800,55394,63567,DebtCon,23,0,0,262.01435765,2,29,38.983938486,1
14200,94696,121528,DebtCon,10,0,0,209.05180452,0,12,39.64882408,1
7500,47518,60252,DebtCon,16,0,3,220.62498387,0,37,26.711536473,1
34800,138680,190729,DebtCon,21,0,0,198.12333421,0,21,35.577239252,1
13000,78766,106450,HomeImp,6,0,0,107.95131167,0,26,24.870993882,1
8600,76703,100862,HomeImp,0,0,1,174.55712019,0,31,34.386230664,1
34000,121625,169369,DebtCon,15,0,0,112.31499706,0,17,28.994312374,1
21600,108923,142716,HomeImp,9,0,0,162.44691401,0,23,33.41977874,1
26100,150464,203202,HomeImp,10,0,0,248.48194525,1,33,43.112190673,1
16700,105556,136568,DebtCon,0,0,0,273.72507278,0,47,40.041684652,1
12000,36072,62960,DebtCon,8,0,0,288.5298732,0,16,22.423002459,1
33000,232113,46286,DebtCon,3,0,1,214.3529578,2,50,42.512000016,1
24500,123319,159934,DebtCon,2,0,0,300.62518954,0,25,37.786175201,1
16300,69327,102426,HomeImp,8,0,0,246.75466611,1,12,36.409094498,1
15500,59316,80837,DebtCon,1,0,0,126.91272316,3,11,35.901463044,1
21700,59947,94103,DebtCon,0,0,0,154.55254739,1,21,34.771708596,1
21300,63263,94180,DebtCon,1,0,0,138.34845525,1,22,35.549295097,1
10100,73174,91101,DebtCon,14,0,0,77.117090664,0,8,25.042596687,1
23500,86144,138953,DebtCon,13,0,0,110.05419832,3,15,41.841690898,1
15900,94078,118359,DebtCon,13,0,0,125.55199939,1,8,37.78182264,1
19600,49984,84519,DebtCon,12,0,0,92.811333225,0,10,7.6140654223,1
11500,56720,82738,HomeImp,17,0,0,200.41695429,0,16,34.019837692,1
9700,45907,57507,DebtCon,6,0,0,81.229448637,0,11,29.037574223,1
27500,131269,211014,DebtCon,10,0,0,234.35128879,2,26,18.735147443,1
20700,71408,103991,HomeImp,4,0,0,208.35175048,1,12,31.327394441,1
35400,90295,139602,DebtCon,12,0,0,62.806810713,0,35,40.22961403,1
17200,103519,118074,DebtCon,0,0,0,102.6786125,1,21,41.418352854,1
43300,119351,179347,DebtCon,13,0,0,178.95153943,0,4,37.980464023,1
9300,39307,51680,DebtCon,8,0,0,196.0146349,0,23,30.731571704,1
18800,98582,122597,HomeImp,1,0,0,307.52479033,1,20,39.394168925,1
14200,46320,62044,DebtCon,6,0,0,106.98389551,2,49,29.057908417,1
9200,52531,66491,DebtCon,11,0,0,122.22853426,1,19,32.657628893,1
8200,58536,66546,DebtCon,1,0,2,118.39735837,2,17,34.71164955,1
12200,80336,102618,HomeImp,2,0,0,79.730260623,2,19,34.405482343,1
21200,113648,145650,DebtCon,11,0,1,231.01924428,0,24,41.559303671,1
14200,84718,103804,HomeImp,21,0,0,123.66357507,4,23,30.635348147,1
13000,88614,116994,HomeImp,13,0,2,188.8241991,0,28,32.619501636,1
10400,11426,69294,DebtCon,20,0,1,396.92626454,1,11,20.291988939,1
21600,61797,109007,DebtCon,14,0,2,267.88778988,0,35,26.092171525,1
13000,53951,70095,HomeImp,28,0,3,212.38692445,1,24,36.72874424,1
12100,97185,113004,DebtCon,13,0,0,202.6225313,2,15,37.716646112,1
13000,44875,57713,DebtCon,0,1,0,184.99032439,1,12,28.602076071,1
35100,88197,132776,DebtCon,30,0,0,333.04631226,0,20,39.294720942,1
9200,48130,62358,DebtCon,15,0,4,219.65713104,0,36,27.617063425,1
6200,73881,98550,HomeImp,0,0,1,182.8787798,0,31,37.19944569,1
66000,62296,143982,HomeImp,12,0,1,121.34944271,0,10,41.6125057,1
11100,35782,45550,HomeImp,8,0,0,109.28434579,0,3,36.159805919,1
88800,53307,94058,DebtCon,16,0,0,218.30497768,0,15,34.24246473,1
30600,231344,284199,DebtCon,7,0,1,202.52860351,0,29,15.823900056,1
10600,58701,67967,DebtCon,10,0,0,116.53228926,1,19,31.540218257,1
25500,32458,52329,DebtCon,15,0,0,105.7836806,2,24,29.866278228,1
18700,68196,89641,DebtCon,0,2,1,112.97604123,1,26,34.414621628,1
15700,48093,65686,DebtCon,3,0,0,149.90637879,1,12,30.486361232,1
14400,111914,142105,DebtCon,3,0,0,284.51696603,1,46,32.911384663,1
15200,7879,95124,HomeImp,13,0,1,270.28589924,0,22,29.160140823,1
16100,76644,103192,DebtCon,5,2,0,76.077935453,0,20,24.187933859,1
27300,140773,188414,DebtCon,12,0,0,144.09346485,0,37,41.482803685,1
8300,54039,89301,HomeImp,18,0,0,173.19132242,0,28,26.266815752,1
16800,76852,90429,DebtCon,6,0,0,183.84300457,3,18,42.297091696,1
17000,31772,60289,HomeImp,6,0,0,189.23698365,0,13,31.125746532,1
15900,79660,96393,DebtCon,4,2,0,84.205779001,1,21,22.113193096,1
17500,61524,87188,HomeImp,3,0,0,115.80866085,1,13,25.401570002,1
27600,73846,100216,DebtCon,12,0,0,282.37066144,1,33,38.191251339,1
20300,71387,107363,HomeImp,4,0,0,219.87473017,0,13,29.567221404,1
10600,27666,56218,HomeImp,3,0,0,249.85118993,0,10,39.528326336,1
18300,90099,118545,DebtCon,12,0,0,140.51585064,3,18,38.899231691,1
15800,71820,89739,DebtCon,0,1,1,122.95558706,1,25,33.519070443,1
13600,81620,101933,DebtCon,1,0,0,148.06729076,0,22,41.612898979,1
10400,37233,52320,DebtCon,15,0,0,88.677328625,0,11,31.056436786,1
14900,51219,144894,DebtCon,1,0,0,275.28311554,5,42,39.323885122,1
28400,36484,73478,DebtCon,13,1,0,100.9750908,6,16,34.763993775,1
21600,43449,68744,DebtCon,11,0,1,121.95099104,1,22,40.916477381,1
32600,233216,38583,DebtCon,4,0,1,226.14698877,2,49,40.222182864,1
15900,38514,50309,DebtCon,6,1,0,101.82614234,1,16,38.877808385,1
27600,124139,157940,DebtCon,4,0,0,288.88653955,0,24,38.22673698,1
17000,54780,93091,DebtCon,4,0,0,115.37533239,1,21,37.50862467,1
14000,46541,64338,DebtCon,0,0,0,204.40944332,1,12,28.364798507,1
21800,96709,123613,DebtCon,3,0,0,218.73033314,2,27,35.874494554,1
14100,81894,98285,DebtCon,6,0,0,151.4710746,1,26,42.282137884,1
17300,65077,91991,DebtCon,0,2,3,114.02344238,2,26,35.90776048,1
8900,80334,87448,DebtCon,18,0,0,279.87655021,0,23,38.513997448,1
59500,47485,69981,DebtCon,4,0,0,100.13931115,0,20,29.473673305,1
25600,240092,263958,HomeImp,5,1,0,245.67947059,2,51,38.973539329,1
17400,42876,66085,DebtCon,26,0,0,281.57815248000003,1,16,38.027521678,1
12300,50441,56656,DebtCon,1,0,0,186.45101665,0,21,35.452607421,1
8600,66366,75957,DebtCon,8,0,0,72.916721072,2,25,39.660408739,1
24400,237543,261393,HomeImp,3,1,0,254.51744803,2,50,37.90658567,1
20900,51960,105524,DebtCon,2,0,3,179.92563497,0,47,37.179602413,1
12600,125688,198602,HomeImp,0,0,1,344.7479335,0,16,39.483820073,1
69600,198702,293252,DebtCon,10,0,0,208.29900684,2,24,27.761644137,1
13700,35825,66612,DebtCon,22,0,0,231.9014789,2,29,26.702473442,1
28200,100353,131386,DebtCon,9,0,0,146.06548333,0,28,38.679207625,1
27800,114417,150849,DebtCon,5,0,0,285.38612641,0,24,38.581923865,1
10000,84580,118924,HomeImp,31,0,0,341.94497562,2,37,35.248897631,1
12000,69796,93757,DebtCon,16,0,1,91.432675908,0,8,24.459383678,1
7000,58114,93391,HomeImp,6,0,0,200.07775507,1,24,31.736511786,1
17800,36902,57622,HomeImp,9,0,0,121.87970265,0,10,19.142116568,1
14900,87167,114219,DebtCon,8,0,0,194.11317353,2,36,41.329763904000004,1
19900,132878,199172,HomeImp,14,0,0,197.92380603,0,22,35.330603966,1
24100,95549,112283,DebtCon,22,0,0,243.34973257,0,28,39.082696629,1
23400,89226,119604,DebtCon,3,0,0,221.68138332,1,26,34.556201402,1
15000,84832,107207,HomeImp,19,0,0,124.45053234,4,23,28.558183481,1
8400,57103,78079,DebtCon,0,0,0,56.30976479,8,21,23.521188257,1
10200,84196,91642,DebtCon,1,0,0,104.83507193,1,32,38.376112633,1
32400,128523,179390,DebtCon,13,0,0,150.08428711,1,28,43.144345509,1
14700,10098,51653,DebtCon,3,0,0,302.652472,0,16,18.423923816,1
18200,94727,136877,DebtCon,15,0,0,168.95996818,2,26,36.056437467,1
16200,70703,87682,DebtCon,10,0,0,87.211328556,3,10,31.379268837,1
12000,35028,55079,HomeImp,23,0,1,108.63396857,0,23,40.797457548,1
27800,64804,97553,DebtCon,15,1,0,105.09866375,1,17,32.177861062,1
28400,207687,242544,HomeImp,8,0,0,134.00768046,0,41,41.298386628,1
10600,72022,82238,DebtCon,5,1,2,181.76894044,3,30,39.594148271,1
23500,48286,81958,DebtCon,6,0,0,248.86009427,2,25,32.467300894,1
13900,127259,194233,HomeImp,1,0,1,341.64350174,0,16,40.107659088,1
12800,91040,114331,DebtCon,12,0,0,175.87735007,0,26,34.747185039,1
26700,73468,108774,DebtCon,11,0,0,290.08059139,1,32,39.042204499,1
25900,61064,94714,DebtCon,2,0,0,98.809374842,0,23,34.565944252,1
16500,77049,98658,DebtCon,5,3,0,77.992816106,0,21,23.120073801,1
10700,48322,64383,DebtCon,0,1,0,185.25673471,2,12,28.030801551,1
13600,112223,144451,DebtCon,0,0,0,259.73311697,1,45,35.310217008,1
17500,49968,68025,HomeImp,3,0,0,126.07945262,0,18,34.10902705,1
25100,96627,128022,DebtCon,1,0,0,197.63347142,3,37,35.980542351,1
18900,82537,117610,DebtCon,16,0,0,233.84853474,5,30,39.064892967,1
16600,74681,95471,DebtCon,6,0,0,187.65351043,4,19,40.453753155,1
2900,103949,112505,HomeImp,1,0,0,96.10232967,0,13,30.051136286,1
28600,26189,50409,DebtCon,36,0,0,287.49617332,0,23,38.644394598,1
19700,93040,113362,DebtCon,6,0,0,135.81385685,3,21,19.704394465,1
13600,66178,104378,HomeImp,6,0,0,263.96101511,0,11,36.438466265,1
19000,22236,169461,HomeImp,7,0,0,296.08019369,0,27,27.640018057,1
10100,63283,82912,HomeImp,0,0,0,99.816258251,1,7,38.370539706,1
15800,89765,111792,DebtCon,1,0,2,143.35553116,1,34,33.058835116,1
18600,50167,96312,DebtCon,5,0,0,128.33943385,1,21,36.377322201,1
14500,100685,129840,HomeImp,9,0,0,166.84639629,2,32,27.527227051,1
9600,53196,63942,DebtCon,16,0,4,227.56368402,0,36,24.016769941,1
22000,61042,96622,HomeImp,17,0,0,638.27536109,1,23,21.457349807,1
20200,88020,139200,DebtCon,10,0,0,99.04640244,3,15,39.916957294,1
18200,39109,62371,HomeImp,25,0,0,268.19826067,0,13,24.748181035000002,1
41800,363737,469748,HomeImp,4,0,0,327.74375515,4,14,43.80929207,1
13600,64799,84425,DebtCon,14,0,0,115.32388361,0,24,36.85085748,1
25800,82058,116330,DebtCon,11,0,1,128.44716991,0,18,27.98945739,1
19300,84425,119351,DebtCon,15,0,0,238.66869708,4,31,38.298278157,1
15400,7839,48276,DebtCon,4,0,0,315.17831848,0,16,18.301959465,1
18600,49385,70220,DebtCon,6,0,0,229.474919,2,32,30.731396529,1
7900,40827,55757,DebtCon,14,0,0,87.603462439,0,11,31.850563903,1
28000,58002,86427,DebtCon,9,0,1,129.57535197,2,29,39.362693216,1
15900,107336,120451,DebtCon,1,0,0,123.46551939,2,21,37.99240801,1
7100,57863,70969,DebtCon,0,0,0,65.872044812,7,21,26.829490191,1
15100,81298,108947,DebtCon,9,0,0,194.44346565,1,35,42.245940745,1
13300,85532,115800,HomeImp,11,0,1,175.1914887,0,27,34.231393529,1
15900,96854,156450,DebtCon,1,0,0,212.66600461,0,19,40.213384582,1
16400,50941,78801,DebtCon,4,0,0,266.04079897,2,32,32.904357011,1
11400,75705,90727,DebtCon,5,0,0,143.10103259,2,27,42.169926729,1
10700,67523,85560,DebtCon,5,0,0,126.84293494,0,35,26.001665333,1
11900,28329,80963,HomeImp,21,0,0,239.45711772,0,10,24.534997192,1
24800,82670,106563,DebtCon,8,0,0,302.98443202,2,28,30.956485836,1
9900,8673,37244,DebtCon,4,0,0,256.68058385,0,12,24.496286322,1
8400,60995,78444,HomeImp,4,0,1,123.7385166,0,23,26.932707601,1
27400,195497,246354,DebtCon,8,0,0,89.264427411,1,25,39.664822994,1
14400,34291,68444,DebtCon,6,0,0,262.07916362,1,15,21.981066452,1
9600,45240,60136,DebtCon,2,0,1,83.066750905,0,19,38.454300022,1
30000,79044,118685,DebtCon,12,0,0,92.118875541,1,34,27.224985258,1
36500,141200,195729,DebtCon,23,0,0,182.72889478,0,22,37.405509575,1
8800,56963,70607,HomeImp,4,0,0,99.76441458,3,19,40.345260733,1
31800,226152,283022,DebtCon,4,0,1,209.29737626,0,29,15.734143681,1
10800,49254,80527,HomeImp,2,0,2,202.53743039,0,13,29.551583139,1
27800,96332,123598,DebtCon,1,0,0,190.3137746,2,38,33.855895472,1
13700,27536,45819,HomeImp,7,0,0,73.455765867,2,12,28.709192906,1
15700,74587,93180,DebtCon,19,0,0,263.15916331,10,24,35.404414526,1
33200,195971,298682,DebtCon,29,0,0,138.5666478,0,22,39.887562317,1
13700,84996,112522,HomeImp,9,0,1,171.95341056,0,28,32.843504905,1
8700,76510,108130,DebtCon,2,0,0,252.84392821,1,37,17.414859614,1
11800,86785,125552,DebtCon,11,0,0,148.17649241,1,22,37.884449327,1
42200,21393,68111,DebtCon,19,0,0,208.52292444,0,30,39.75171656,1
14500,35799,51720,HomeImp,10,0,0,123.21810499,1,9,18.324935276,1
39500,30972,70545,DebtCon,3,0,0,197.45242891,2,17,25.360557346,1
8300,61213,65798,HomeImp,6,0,0,86.296515758,2,20,41.426872232,1
31400,16209,62450,DebtCon,1,0,0,108.38765771,1,6,38.121275069,1
7500,60192,76475,DebtCon,8,0,0,60.503625209,2,24,39.280512379,1
6200,46601,59486,HomeImp,5,0,0,84.63211066,0,18,25.35001036,1
7200,57912,84806,HomeImp,15,0,0,241.51424984,0,35,35.062675655,1
25900,59575,85837,DebtCon,22,0,1,189.75535052,0,19,24.874615108,1
12700,72760,83604,DebtCon,6,2,3,189.9194249,3,29,37.368560459,1
25800,70804,106892,DebtCon,12,0,0,291.07202753,1,33,40.772283258,1
11100,72402,86584,DebtCon,8,0,0,102.97207872,0,22,29.655713203,1
13800,75142,95667,DebtCon,19,0,0,230.45755435,10,24,33.383314175,1
15600,27599,47615,HomeImp,10,0,0,90.327628204,1,12,29.674749569,1
12500,83924,100114,HomeImp,0,0,0,71.304197606,1,20,34.712768805,1
51700,183615,257077,DebtCon,4,0,0,213.75585017,2,32,38.95331304,1
22400,130184,164189,DebtCon,6,0,0,173.64133881,0,39,19.640667266,1
10500,13694,87580,DebtCon,8,0,0,258.55492784,0,14,20.260198049,1
11000,52602,61496,DebtCon,13,0,0,107.34006616,0,22,37.699108592,1
18200,34593,56658,DebtCon,15,0,0,126.04800979,1,18,36.926634786,1
16000,88093,106943,DebtCon,7,0,0,207.20285047,1,36,42.573079502,1
52900,48825,59418,DebtCon,13,0,0,102.33868297,1,25,38.751994986,1
10900,22513,52355,HomeImp,1,0,0,248.58340866,0,10,39.204625006,1
20500,169689,198931,DebtCon,9,0,0,258.62004189,1,37,26.366126268,1
27900,73630,106757,DebtCon,11,0,0,282.75969838,1,32,38.266573205,1
33200,119049,175867,DebtCon,17,0,0,112.46778525,0,16,28.51781662,1
22200,138121,180144,DebtCon,22,0,0,240.70306903,1,24,40.621894156,1
12900,90646,100744,HomeImp,19,0,0,141.20846058,3,23,31.526379711,1
26700,18590,53462,DebtCon,25,0,0,111.99557084,1,11,22.959806769,1
10500,41467,58329,DebtCon,2,0,0,187.71348615,0,22,27.86112392,1
7600,58622,77726,HomeImp,15,0,0,249.63376067,2,36,34.882066439,1
23700,87141,140428,DebtCon,22,1,0,169.28363143,1,25,40.980615645,1
17000,51682,67688,HomeImp,2,0,0,135.19190654,0,18,33.050636366,1
38100,33446,73289,DebtCon,5,0,0,180.84781496,1,18,23.820415335,1
15100,101378,143229,HomeImp,12,0,0,129.53731519,4,21,36.776212768,1
6200,75657,84368,DebtCon,4,0,0,122.24494502,0,30,32.552543335,1
20700,80124,99938,DebtCon,7,0,0,69.324719576,7,24,38.679633572,1
10600,56352,75277,DebtCon,5,0,0,98.377278192,2,15,26.242394307,1
18000,63508,94991,DebtCon,1,0,0,155.88472429,0,25,23.58566428,1
17600,59347,68667,DebtCon,0,0,0,185.27496096,0,25,30.052323948,1
8500,77954,82965,HomeImp,25,0,0,350.7763043,1,46,28.584515556,1
26900,72848,101736,DebtCon,10,0,0,131.4096343,0,21,36.369027462,1
7000,129959,161301,HomeImp,11,0,0,209.98629953,0,18,21.917952264,1
28800,132019,168828,DebtCon,0,0,0,231.28613401,1,24,35.490305671,1
14900,89872,118027,DebtCon,0,1,1,155.44545292,1,34,33.135696766,1
11100,54496,71895,HomeImp,6,0,0,125.76577489,0,16,35.506774068,1
23300,103162,135013,DebtCon,9,1,0,188.93983988,5,18,40.670817077,1
18700,87958,114696,DebtCon,20,0,0,301.9122949,0,17,24.415219692,1
21100,143487,180122,HomeImp,7,0,0,324.1633286,0,16,43.251182523,1
25600,196689,247025,DebtCon,8,0,0,105.42535396,1,25,42.670275302,1
19300,98769,121140,HomeImp,0,0,1,313.92451539,0,20,43.085543048,1
10100,47426,68820,DebtCon,16,0,4,220.7609123,0,36,24.01951269,1
19500,8861,170687,HomeImp,23,0,0,76.788495476,2,20,31.584002863,1
16400,57139,164133,DebtCon,21,0,0,238.4610031,0,27,22.206846015,1
20000,38955,80680,DebtCon,8,0,0,295.3007793,0,18,40.390956012,1
10300,57902,74355,HomeImp,4,0,0,243.6309162,1,16,36.574441888,1
24300,21660,48475,DebtCon,26,0,0,102.78283553,0,10,23.247958281,1
24300,41323,73309,DebtCon,27,0,1,298.18590413,2,32,36.155277517,1
15300,65298,94301,DebtCon,1,0,0,150.49986791,4,19,31.35764214,1
12000,76674,97936,DebtCon,5,0,0,147.91420273,2,27,41.225763159,1
10100,126358,180305,DebtCon,8,0,0,199.35052965,1,20,32.033628789,1
17700,60260,90196,HomeImp,11,0,1,177.85484553,0,14,29.60717111,1
13200,70069,88303,DebtCon,3,0,0,240.8560165,2,25,29.06412827,1
17800,13660,173360,HomeImp,23,0,0,78.838898801,2,21,30.062792323,1
25900,108319,135884,DebtCon,8,1,0,188.37580185,5,18,40.504855047,1
45700,118247,174711,DebtCon,11,0,0,170.65222452,0,5,37.730751386,1
19800,56745,83146,DebtCon,11,0,0,85.253619221,0,10,7.8621936317,1
12800,49349,70078,DebtCon,9,0,0,240.90805914,0,17,31.754053954,1
10100,57881,69554,HomeImp,29,0,3,189.92452243,1,24,34.61045543,1
13600,7627,59173,HomeImp,7,2,0,362.51225026,1,22,14.26712754,1
23400,48549,68957,DebtCon,6,0,0,172.81072664,1,27,34.456762198,1
19400,52677,80424,DebtCon,9,2,0,65.847530367,2,28,34.950823101,1
26500,63345,100332,DebtCon,16,0,0,139.51054588,0,30,38.427444569,1
19900,90966,154351,HomeImp,4,0,0,103.97544215,0,17,35.405919939,1
11700,55119,67931,DebtCon,4,0,0,199.41069924,2,16,27.616338511,1
15100,44959,68483,DebtCon,27,1,0,279.94798859,1,17,37.180947854,1
11300,78902,100332,DebtCon,4,0,0,116.99879949,0,26,34.683071467,1
11300,74783,100909,HomeImp,5,0,0,85.664833722,0,34,35.947854706,1
10100,93085,110069,DebtCon,13,0,0,206.799179,3,16,40.569897059,1
16900,131002,166859,DebtCon,4,0,0,135.85642316,0,20,28.151885281,1
15500,96426,122322,DebtCon,12,0,0,226.28452431,0,12,40.86810919,1
31500,224572,282839,DebtCon,7,0,1,212.75533106,0,29,16.626488981,1
11300,77926,89216,DebtCon,6,0,0,146.81015408,2,26,39.466964223,1
20400,44746,63433,DebtCon,5,0,0,176.32849657,2,26,36.676878306,1
11200,19496,73140,DebtCon,20,0,1,399.24269191,1,12,23.374504567,1
15400,58085,91192,DebtCon,10,0,0,191.34421696,0,19,21.364312322,1
14900,49849,70075,DebtCon,0,0,0,153.69186903,0,25,30.900915596,1
8600,38646,54073,DebtCon,14,0,0,89.555852767,0,11,32.530256646,1
15400,50402,65561,DebtCon,25,0,0,282.62290524,0,16,38.097902468,1
16100,63152,85097,DebtCon,5,0,0,102.40089779,1,20,24.175532914,1
15200,87116,105971,HomeImp,21,0,0,147.94667979,4,24,27.961550213,1
16500,45441,76145,DebtCon,4,0,0,124.03338316,1,8,28.173450676,1
12200,82904,125057,DebtCon,8,0,0,131.6590526,1,21,37.273139992,1
14100,49927,67761,DebtCon,26,0,0,276.54991315,1,16,36.599391114,1
30100,228006,285921,DebtCon,15,0,0,250.53988412,2,25,27.813291406,1
17200,85977,109238,HomeImp,3,0,0,115.55751256,1,25,38.948918735,1
17000,86341,133564,DebtCon,15,0,0,307.67385711,0,18,28.368210586,1
8000,82547,105361,DebtCon,24,0,0,52.59326412,2,13,32.160922592,1
19500,48835,72566,DebtCon,9,0,0,191.27539659,1,42,39.612425643,1
24500,33537,57048,DebtCon,14,0,0,99.376132515,1,24,28.495004812,1
18900,100416,161147,DebtCon,1,0,0,216.09704957,1,18,38.460499883,1
11600,89205,128462,DebtCon,10,0,0,128.12359751,0,21,37.523324709,1
15600,49151,62005,DebtCon,4,0,0,185.65308797,0,14,36.021100446,1
21700,20627,52040,DebtCon,26,0,2,199.98543166,0,25,27.117689551,1
13500,124696,200707,HomeImp,0,0,1,348.66949199,0,16,39.550703015,1
43200,15635,60925,DebtCon,19,0,0,212.11528008,0,30,40.460675816,1
20500,173061,220886,DebtCon,13,0,0,213.91435993,1,32,43.79573429,1
23800,188250,233800,DebtCon,2,0,0,307.57275263,1,27,36.690724403,1
18700,58498,90135,DebtCon,30,0,0,199.10927232,0,21,33.182239494,1
14900,82930,103352,HomeImp,6,0,0,105.67597798,0,27,27.473814727,1
14700,89448,115380,DebtCon,11,0,0,222.81508892,0,12,40.524796869,1
4900,67794,84630,HomeImp,4,0,0,112.57341888,0,15,41.673996362,1
20200,61477,98143,DebtCon,1,0,0,156.92908886,0,21,36.099868346,1
16900,68940,88264,DebtCon,0,0,0,166.10628148,0,25,24.955311418,1
11700,59932,80313,HomeImp,14,0,0,238.48646158,0,32,44.474917703,1
22900,18059,57109,DebtCon,26,0,1,213.03628478,0,24,25.547010323,1
27000,77910,117590,DebtCon,4,0,0,91.874211097,2,31,38.497154977,1
14600,16535,46993,HomeImp,24,0,0,260.89153319,0,20,28.1898371,1
6200,60354,87596,HomeImp,5,0,0,210.17306467,2,23,34.054811237,1
23500,68049,93394,DebtCon,6,0,0,191.1124423,2,18,32.13282224,1
22900,28217,52804,DebtCon,14,0,0,109.36568457,1,25,30.587728164,1
10500,76729,102287,HomeImp,5,0,0,89.062698773,1,33,38.447658863,1
28900,134509,211558,DebtCon,10,0,0,247.84445257,2,27,20.610706647,1
8700,57254,86883,HomeImp,16,0,0,172.16656274,0,28,25.043436747,1
3200,74864,87266,HomeImp,7,0,0,250.63126922,0,12,42.909997351,1
20000,46775,70236,DebtCon,9,0,0,179.08237426,1,41,40.430695412,1
11100,17430,68499,DebtCon,20,0,2,403.96540093,1,12,21.758642612,1
23200,62811,99320,DebtCon,3,0,0,166.86109892,1,21,36.071271567,1
11400,43530,56600,HomeImp,21,0,0,114.98297904,0,23,39.481662901,1
22000,53212,85006,DebtCon,20,0,0,218.48411292,1,21,32.855701395,1
34100,241931,36486,DebtCon,1,0,2,196.00883159,3,50,42.458581788,1
13900,77007,96718,DebtCon,8,2,0,183.60866723,0,30,26.431314522,1
10100,32608,47377,HomeImp,9,0,0,67.38706567,0,3,35.690193036,1
12300,69499,104045,DebtCon,8,0,0,219.09048911,0,20,18.58475695,1
17200,51352,64386,DebtCon,27,0,0,295.9554144,1,17,36.787305949,1
19300,83141,112096,DebtCon,15,0,0,255.78828901,5,31,35.514487999,1
20000,43087,61438,DebtCon,14,0,0,276.56241531,0,20,29.295178776,1
13800,85805,135789,DebtCon,15,0,0,303.68822972,0,18,27.869079212,1
9300,106449,120066,DebtCon,18,0,1,189.91991824,1,15,37.086455086,1
24400,61260,103842,DebtCon,1,0,0,179.5402847,0,26,33.590455142,1
6400,81116,86148,HomeImp,8,0,0,262.17542613,0,11,42.068268179,1
8200,48515,59240,DebtCon,17,0,4,214.14450966,0,36,27.459144234,1
17800,56956,74305,DebtCon,0,0,0,187.18332939,0,24,31.817471916,1
24100,61811,97086,DebtCon,6,0,0,222.62659082,1,19,34.68253701,1
26600,148986,175750,DebtCon,1,0,0,197.39171326,0,35,40.514989578,1
21000,131378,199687,HomeImp,12,0,0,208.60596567,0,21,37.099279114,1
88300,54004,94838,DebtCon,16,0,0,193.70205076,0,15,36.262691334,1
18600,119741,212530,DebtCon,4,1,0,202.28857763,0,17,27.07376116,1
21700,91637,126105,HomeImp,10,0,0,131.87535395,1,23,30.961292024,1
13900,84427,114209,HomeImp,12,0,2,180.18742244,0,27,33.351870253,1
25300,56393,86612,DebtCon,6,0,0,258.14736866,1,25,33.193875534,1
23700,57553,101656,HomeImp,19,0,0,648.32849259,0,23,22.84647896,1
24800,64537,93212,DebtCon,7,1,1,120.35142038,4,25,34.686088674,1
25600,140649,212089,HomeImp,4,0,0,187.87142092,0,29,40.033218625,1
27800,181405,229116,DebtCon,0,0,0,297.99814427,0,32,43.520428182,1
10100,49683,55728,DebtCon,0,0,0,91.095794879,0,20,37.133107539,1
14000,51721,61193,DebtCon,0,0,0,186.99935879,2,12,25.81001106,1
88900,57264,90185,DebtCon,16,0,0,221.80871754,0,16,36.112346519,1
24400,93411,140031,HomeImp,6,0,0,177.51124938,0,32,31.027335916,1
16700,59207,83146,DebtCon,2,0,0,309.49638798,3,15,43.48806641,1
65200,71061,141666,HomeImp,10,0,1,134.68090672,0,11,43.56886383,1
14900,97646,139884,HomeImp,13,0,0,119.08311639,5,22,36.360597073,1
17200,35116,60489,DebtCon,17,0,0,106.48623703,1,18,38.806240708,1
27700,77886,114494,DebtCon,9,0,0,118.47135379,0,18,28.344078391,1
32800,13781,43371,DebtCon,28,0,0,203.83930475,0,14,40.657779937,1
13400,60174,81944,DebtCon,1,0,0,125.38544605,3,9,36.229863857,1
23000,48003,64720,DebtCon,4,0,0,160.6060458,1,26,33.629923296,1
17000,73644,107086,DebtCon,0,0,0,280.45334363,2,20,37.771957848,1
17300,32736,49100,DebtCon,4,0,0,262.94843765,0,34,38.563080996,1
24800,43287,72898,DebtCon,8,0,0,87.01103562,1,18,34.0310957,1
17400,58941,88470,HomeImp,4,0,0,123.25705457,0,12,25.557593337,1
12000,72786,84595,DebtCon,4,2,2,198.76932508,3,30,38.090209026,1
9500,55862,62965,DebtCon,15,0,4,223.10391402,0,36,26.141178049,1
26400,130672,212536,DebtCon,10,0,0,221.50683161,3,26,20.269918789,1
14700,77565,101320,HomeImp,6,0,0,120.82737185,0,26,25.27620451,1
17400,44479,78121,DebtCon,1,0,0,117.3235888,0,9,27.133989435,1
14500,67956,80318,DebtCon,1,0,0,233.39727318,2,26,31.316415415,1
19100,58453,76731,DebtCon,15,1,0,203.14107643,1,21,36.228729628,1
15600,75701,106389,DebtCon,0,0,0,278.68039442,2,21,40.108259064,1
23400,90924,116819,DebtCon,24,0,0,245.89786162,1,27,40.857427037,1
12500,10035,61897,HomeImp,6,1,1,368.73779632,0,21,14.733594833,1
9100,46406,56134,HomeImp,9,0,0,93.853460687,3,34,39.466330333,1
27400,100951,149305,DebtCon,21,0,0,194.53302791,0,13,41.644172047,1
36000,203680,270992,DebtCon,3,0,0,234.02397511,0,32,29.69634581,1
5700,26927,35461,DebtCon,0,1,0,21.799352154,10,6,29.439664242,1
30800,129062,176389,DebtCon,13,0,0,184.31937605,2,28,40.894302088,1
13400,67941,84973,DebtCon,6,1,3,179.97707017,3,30,37.428937524,1
9800,49287,69831,DebtCon,2,0,0,182.99480622,2,16,29.713466905,1
35000,240994,39401,DebtCon,3,0,1,210.50181736,3,50,42.967511635,1
5700,76948,85753,HomeImp,7,0,0,128.47645151,0,25,37.85968784,1
27900,135511,184219,DebtCon,1,1,0,241.05228345,2,19,38.606492713,1
6800,136951,160306,HomeImp,11,0,0,219.7356734,1,18,20.885093499,1
14800,64365,85272,DebtCon,0,1,0,242.55236799,2,26,29.819634389,1
8000,49232,61221,DebtCon,23,0,0,258.19457767,3,29,41.246612634,1
12500,81865,101048,DebtCon,1,0,0,147.40222744,0,23,38.855162721,1
28200,109184,207035,DebtCon,23,0,0,179.93775089,0,18,23.662456689,1
25500,50847,79738,DebtCon,20,0,0,204.67790067,0,26,35.860087635,1
7400,82412,91326,DebtCon,19,0,1,316.94708254,1,24,37.908750185,1
21300,133942,282972,HomeImp,3,0,0,197.14819053,0,15,30.545400667,1
8500,41210,45175,DebtCon,9,0,0,209.49409472,1,22,29.96408198,1
12400,49264,57923,DebtCon,0,0,0,182.00104146,2,13,27.00877688,1
43000,18388,64896,DebtCon,20,0,0,207.06646325,0,31,40.77787713,1
20400,81823,114832,DebtCon,18,0,0,234.39204154,4,31,35.205818844,1
14000,50890,68722,DebtCon,8,0,1,135.76848539,2,49,29.448045527,1
22400,16630,56824,DebtCon,25,0,1,199.7384646,0,24,27.027787429,1
14900,44588,72331,DebtCon,6,0,0,156.33174453,2,11,28.164440536,1
16700,62933,95498,DebtCon,0,0,1,161.66099425,0,25,24.26256802,1
10300,79243,89840,DebtCon,16,0,0,87.825346176,0,9,24.479373218,1
43300,18824,63487,DebtCon,22,0,0,212.25488936,0,30,41.246735956,1
17500,92986,114276,DebtCon,13,0,0,116.96135784,2,8,36.251385732,1
19000,52157,157459,DebtCon,19,0,0,248.72353316,0,28,21.92019846,1
26900,57414,92916,DebtCon,0,0,0,70.281905709,0,22,34.396301781,1
32300,235343,45270,DebtCon,3,0,1,210.92240343,3,49,41.264805515,1
11300,46120,52911,HomeImp,19,0,0,229.44157776,1,17,36.334814357,1
15600,104458,137583,DebtCon,1,0,0,280.78980103,0,46,41.23523649,1
11700,42151,58947,HomeImp,22,0,0,122.03036183,0,23,40.083144531,1
12300,92573,119325,DebtCon,2,1,2,157.6206429,0,33,34.775102513,1
10600,47701,66500,DebtCon,10,0,0,103.01428965,0,23,37.310006097,1
25700,189995,250814,DebtCon,9,0,0,100.80094267,1,25,41.00583277,1
19200,57728,96552,DebtCon,0,0,0,80.602363108,0,23,37.508103137,1
20200,130401,171686,DebtCon,7,0,0,178.94254482,0,38,20.327137907,1
22700,73280,92961,DebtCon,8,0,1,109.57029237,3,26,34.614422556,1
5500,72147,69918,HomeImp,4,2,0,158.5344979,0,23,43.404430238,1
11000,46093,60563,DebtCon,4,0,0,190.48216428,1,21,29.578148133,1
24100,184697,238729,DebtCon,2,0,0,317.69255678,0,26,37.782036284,1
27600,123121,157337,DebtCon,2,0,0,283.28285346,0,24,36.948273863,1
28400,112996,175817,DebtCon,17,0,0,303.28205506,1,31,36.289002598,1
17400,77350,101271,DebtCon,0,0,0,148.91622747,1,18,34.387028434,1
23300,61496,102823,HomeImp,18,0,0,649.74710438,1,24,20.872560266,1
25500,235839,267506,HomeImp,5,0,0,240.21701392,3,51,39.048427763,1
16800,23670,41879,DebtCon,17,1,0,106.39856975,0,17,26.696716261,1
13600,87294,115183,HomeImp,11,0,2,185.33850577,0,28,35.549808739,1
8400,82597,83858,HomeImp,25,0,0,350.56813617,1,47,28.91075714,1
22400,72866,95734,DebtCon,5,0,0,75.955735269,7,23,37.50722389,1
8400,53841,64284,DebtCon,15,0,3,206.35456436,0,36,26.054853712,1
27500,69579,117799,DebtCon,5,0,0,84.373124498,2,32,38.862120807,1
13700,46611,65031,DebtCon,2,0,0,179.44333226,0,13,37.705159171,1
12000,35721,52938,HomeImp,23,0,1,125.928071,0,22,38.627024993,1
16000,74459,103255,DebtCon,6,3,0,72.864590397,1,21,24.935229965,1
12700,59440,88690,DebtCon,0,0,0,129.15261505,3,11,37.838273531,1
25900,152071,185893,HomeImp,0,0,0,185.54351198,0,16,40.642278896,1
20800,96994,140564,DebtCon,13,0,0,169.68715741,1,25,33.525064301,1
13500,71698,93536,DebtCon,6,0,0,202.46588178,2,19,42.814734648,1
21700,88313,139567,DebtCon,11,0,0,89.839558205,3,14,39.09887429,1
25400,138132,243327,HomeImp,27,0,0,349.94092953,0,19,37.820054519,1
38300,93255,144457,DebtCon,10,0,0,73.656853928,1,36,41.939496061,1
13900,95351,117381,DebtCon,12,0,0,210.20212954,0,11,41.011001372,1
6600,62380,89742,HomeImp,31,0,0,232.52729073,0,16,26.160494887,1
13500,116123,145597,DebtCon,3,0,0,290.31077491,0,46,34.69906743,1
13000,96172,112123,DebtCon,14,0,0,181.89180444,1,18,36.225571567,1
28200,61038,87534,DebtCon,8,0,0,137.48781925,3,30,39.360018601,1
12700,9038,65969,HomeImp,7,1,1,346.58010279,0,22,13.347212679,1
24400,50317,71327,DebtCon,6,0,0,45.485801767,1,18,37.014140786,1
14400,77366,130330,DebtCon,14,0,1,285.20006197,1,18,28.171651103,1
5500,70481,82446,HomeImp,8,0,1,116.59197688,0,24,37.612682724,1
25900,80663,122372,DebtCon,10,0,1,133.66949395,0,18,26.573930791,1
28100,112564,162129,DebtCon,7,0,0,115.56446202,2,26,33.091681472,1
10700,55341,78062,HomeImp,3,0,1,192.59685455,0,12,28.828649308,1
15500,46846,70082,DebtCon,7,0,0,152.16806013,2,12,30.131497225,1
21200,91759,95165,DebtCon,2,0,0,106.8357327,0,19,34.216689169,1
27700,67446,99206,DebtCon,11,0,0,286.96597112,0,32,38.995164401,1
9900,35448,58056,DebtCon,11,0,0,229.5228444,1,31,37.297432095,1
17700,64964,88856,DebtCon,5,0,0,114.66761831,0,19,21.933006318,1
13800,73688,94071,DebtCon,9,0,0,221.22314273,2,28,41.482142965,1
